image_id,s,r,o,a_inv_orig
336bacff8461dbaa.jpg,woman,wearing,red swimsuit,2.484375
9ae2d9c5782e3d8c.jpg,man,wearing,black coat,1.703125
ce7ee590cc097ae0.jpg,blonde barbie doll,wearing,pink lipstick,1.65625
3d27c190d43ac211.jpg,man,wearing,swim cap,0.796875
55f1af9a02042d09.jpg,man,wearing,roller skates,1.046875
5635c9b530f89131.jpg,man,wearing,black suit,2.9375
ac36d564ad0b93e1.jpg,woman,wearing,blue outfit,3.625
c7133cc36acc887d.jpg,girl,wearing,heart-shaped gem,3.328125
53859c6247a3db01.jpg,man,wearing,glasses,3.59375
c22e29581c0e797e.jpg,man,wearing,blue helmet,3.359375
409f7b5ca2a458c6.jpg,woman,wearing,swim cap,1.140625
24073df6a9c58c6b.jpg,boy,wearing,swim cap,1.71875
ecb9d4f10c69569d.jpg,man,wearing,jeans,-0.5625
9a716890c5e81744.jpg,woman,wearing,black dress,3.28125
a6fba3d8e01d2219.jpg,woman,wearing,glasses,4.359375
1f0c0b509013b719.jpg,woman,wearing,revealing top,4.03125
295a7f2d76bcccb2.jpg,man,wearing,cowboy hat,4.96875
1a17241c6f0e6642.jpg,woman,wearing,roller skates,4.25
582be29db5b1a39d.jpg,woman,wearing,fedora,2.6875
a0da01a93a6f51bf.jpg,umpire,wearing,baseball glove,0.9375
bb38e87f8edff17e.jpg,man,wearing,accordion,1.578125
c7133cc36acc887d.jpg,woman,wearing,tiara,2.59375
af1efe94dd9f3cfa.jpg,woman,wearing,straw hat,0.8125
25ce96bd10afe1b0.jpg,people,wearing,red glasses,2.234375
8892e718f9108db9.jpg,man,wearing,hat,5.21875
7cf856f5398d8138.jpg,woman,wearing,skull,0.59375
421a93da4e4152f3.jpg,man,wearing,ball cap,4.875
fb606f3170d6e48e.jpg,woman,wearing,blue jacket,5.25
c10540cd4f062e0c.jpg,woman,wearing,black shirt,3.515625
be67e17ec45f009e.jpg,man,wearing,suit,3.734375
c0b0133682bf5fb2.jpg,man,wearing,montreal canadians jersey,2.78125
7588a6de389ac33a.jpg,caterpillar,wearing,top hat,0.53125
663389d2c9d562d8.jpg,man,wearing,helmet,1.390625
dd8a7bf210628fd7.jpg,woman,wearing,glasses,3.125
558e151c3fbc1ba3.jpg,woman,wearing,one piece uniform,3.765625
122804d032b58390.jpg,man,wearing,helmet,3.203125
b22b89073480191e.jpg,girl,wearing,trousers,2.125
8302f7352b501bc4.jpg,woman,wearing,high heels,3.875
e27e575c922e7525.jpg,doll,wearing,necklace,3.1875
c8a4a228c9df91ef.jpg,man,wearing,goggles,4.40625
c7a6a5f2a8f674ce.jpg,man,wearing,blue and yellow uniform,2.390625
08bc48ffae1a678a.jpg,woman,wearing,hat,3.203125
25ce96bd10afe1b0.jpg,woman,wearing,glasses,0.296875
b5a1a0b0689eebd9.jpg,man,wearing,beard,4.75
9f8550843e6f1ba6.jpg,woman,wearing,necklace,4.265625
8823286afacc9898.jpg,person,wearing,helmet,2.84375
27c41bbdb49d6f5f.jpg,man,wearing,glasses,4.546875
f7acc51fbc7dafda.jpg,bride,wearing,veil,3.75
751093209b03118e.jpg,person in the middle of the image,wearing,suit,2.875
6f804844ccc5126b.jpg,man,wearing,segway,0.609375
f98e23895593ab01.jpg,man,wearing,cowboy hat,5.75
8f939cbb01f114d1.jpg,man,wearing,black shirt,3.859375
da18b0ddaea31637.jpg,woman,wearing,gold earrings,3.421875
7c8a5253847619a5.jpg,man,wearing,ear protection,5.578125
c8a4a228c9df91ef.jpg,man,wearing,sunglasses,3.78125
88fc866f92860d70.jpg,men,wearing,wear,2.515625
dd5cce09d5f254cc.jpg,woman,wearing,knee high black stiletto boots,2.96875
3c3b318ee1e2831c.jpg,man,wearing,red shirt,3.890625
b4cb9fc067c1eb00.jpg,man,wearing,helmet,3.828125
81684fbe58540aa5.jpg,man,wearing,penguin shirt,5.703125
2fd31c13d1a5fdb3.jpg,man,wearing,jeans,5.828125
04ccb05e32dc45de.jpg,person,wearing,jeans,5.734375
54b7a0bc0d489fe8.jpg,woman,wearing,red dress,3.546875
738e234e59615c71.jpg,man,wearing,white robe,3.046875
51e6ff8c0af98410.jpg,woman,wearing,tiara,3.15625
ab46f7ec075d89ae.jpg,boy,wearing,hat,4.078125
1de38c170bce1b3c.jpg,woman,wearing,wedding dress,4.984375
6bff678ea2346ac5.jpg,man,wearing,crown,1.75
d53f782a6f8bcabb.jpg,female doll,wearing,black and white striped swimsuit,2.234375
a62462153630add0.jpg,woman,wearing,blue shirt,3.109375
4e555f6453a7db12.jpg,woman,wearing,shorts,3.96875
ef83b0da979ae261.jpg,man,wearing,sunglasses,3.359375
a284f227c612b0c8.jpg,person,wearing,helmet,4.625
34ff10aa56e103ba.jpg,man,wearing,red outfit,3.84375
a62462153630add0.jpg,woman,wearing,black shorts,1.5
78916540e81a1c6c.jpg,man,wearing,hat,4.75
7c1d922420d9ae86.jpg,person,wearing,helmet,2.296875
aa959cf33e2dab8e.jpg,man,wearing,glasses,3.515625
5502a35f0f5ef825.jpg,man,wearing,shirt,3.921875
a2d7916e24db9dd3.jpg,man,wearing,glasses,4.9375
4287fb387a363c94.jpg,woman,wearing,silver high heels,3.203125
318c91bd306e52e1.jpg,man,wearing,baseball glove,3.015625
a068ea435a318d8d.jpg,man,wearing,helmet,4.75
756875881f971332.jpg,woman,wearing,bra,2.15625
dd18e0284551e30f.jpg,man,wearing,scarf,3.96875
c3f5a62386342c6d.jpg,man,wearing,glasses,2.046875
c43d8e515688b759.jpg,man,wearing,black shirt,1.75
f72798c9f0c92cd0.jpg,man,wearing,cycling clothes,3.734375
91beb1e150bee50c.jpg,worker,wearing,orange vest,5.25
b085f6708ee5a803.jpg,man,wearing,goggles,3.5625
2f7525f06ad69425.jpg,woman,wearing,glasses,4.53125
3d27c190d43ac211.jpg,swimmer,wearing,goggles,4.09375
712bacc974c5a760.jpg,man,wearing,shirt,2.984375
537843c1be04501c.jpg,person,wearing,life jacket,4.171875
48e6a7f6cfe8f41b.jpg,woman,wearing,black leather jacket,3.8125
3264cb227a07af3f.jpg,man,wearing,plaid shirt,4.625
5278129f90393f7b.jpg,woman,wearing,shorts,2.765625
edff7663ed66bb73.jpg,woman,wearing,pink fedora,1.75
c6249d94f4b8fc0b.jpg,woman,wearing,blue gym outfit,4.734375
2dd05a7ffa09c95d.jpg,woman,wearing,silver dress,3.703125
aa47170b86b03223.jpg,woman,wearing,black dress,2.859375
86c1bf61c39831f0.jpg,woman,wearing,necklace,5.25
17a89e9968dfe0ef.jpg,man,wearing,gloves,4.765625
0ed1db765472b01e.jpg,woman,wearing,miniskirt,2.140625
0515eb8d42f77988.jpg,woman,wearing,dress,2.0625
020feca9b536f1fe.jpg,woman,wearing,face mask,3.90625
a6a954a213816783.jpg,woman,wearing,high heels,5.171875
12b999f7e3b75de1.jpg,woman,wearing,umbrella,0.734375
7db24634d94dfff1.jpg,man,wearing,hat,4.546875
649179f339158a5a.jpg,woman,wearing,dress,4.0
29ce03b542dccc4c.jpg,man,wearing,tan pants,4.21875
cf8402aeb5c286d8.jpg,man,wearing,suit,2.140625
f592b26ed34432ed.jpg,dog,wearing,pink sunglasses,1.84375
ad3bf6c33e51de4a.jpg,woman,wearing,dress,1.71875
e72fd1fd98da81db.jpg,man,wearing,red shirt,5.296875
76c5e2e486a68f34.jpg,woman,wearing,purple dress,3.4375
5190ef5c93c9976c.jpg,man,wearing,swimwear,1.53125
5feb53a3d3a241a8.jpg,woman,wearing,glasses,3.796875
d698ab6f42fb2562.jpg,man,wearing,shorts,2.046875
edca872cabc7b3bf.jpg,man,wearing,brown jacket,5.078125
0a4db5693da70448.jpg,man,wearing,glasses,0.375
810a5ed9f3f17d89.jpg,woman,wearing,balloon hat,4.046875
3b3bb701aa1bcace.jpg,man,wearing,green jacket,4.875
e5b8dcabafcd7cac.jpg,man,wearing,goggles,4.21875
6c371c886f364e13.jpg,woman,wearing,plaid shirt,4.546875
e68d91cbc60ad21e.jpg,woman,wearing,crown,3.390625
5149ad60cbacc1f8.jpg,woman,wearing,orange tank top,3.546875
8bd8604e0da78098.jpg,woman,wearing,brown boots,5.015625
f458e93b6879a473.jpg,man,wearing,netted hat,2.328125
1b02d463464d45f3.jpg,man,wearing,shorts,3.21875
25459eef01dfa715.jpg,woman,wearing,zebra printed skirt,3.171875
4125df3dbe46a6af.jpg,person,wearing,helmet,4.671875
ef19b86262c37f07.jpg,man,wearing,yellow tie,2.78125
030c5a10124e6252.jpg,dog,wearing,sunglasses,1.484375
ad27ffa8d18c3c6f.jpg,woman,wearing,orange shirt,3.171875
f9afa582c14f54d3.jpg,man,wearing,helmet,4.84375
2be6ab51b1f3621b.jpg,man,wearing,helmet,2.578125
7f50b68075ebd257.jpg,man,wearing,jeans,4.671875
d1b75eb64aeaea5c.jpg,man,wearing,red tie,4.84375
6f11f23cea22966f.jpg,woman,wearing,black hat,2.6875
6732fe471c0e0595.jpg,woman,wearing,red dress,3.046875
edff7663ed66bb73.jpg,woman,wearing,red hat,1.5
0e8aef71cc6618dc.jpg,woman,wearing,bra,2.0625
3ecd3b0292520228.jpg,man,wearing,fedora hat,2.84375
9fc6b9554a142b1a.jpg,man,wearing,blue hat,3.828125
65ace40ac8556f83.jpg,person,wearing,helmet,4.0
86c1bf61c39831f0.jpg,woman,wearing,dress,3.765625
4ed2e09b8eed119a.jpg,woman,wearing,purple,4.40625
eb99cee1f01b08ff.jpg,man,wearing,hat,1.328125
a5255a39b87c5cf4.jpg,woman,wearing,white jersey,4.28125
1b8c4e46421a0a9f.jpg,man,wearing,suit,3.671875
0fcb52bc7317ed58.jpg,person,wearing,skis,4.1875
0ca56558107bdae5.jpg,woman,wearing,sunglasses,3.75
f98e23895593ab01.jpg,man,wearing,bright scarf,5.359375
2122242cd70556db.jpg,man,wearing,blue shirt,6.15625
f155d2cee6e021f0.jpg,man,wearing,helmet,2.703125
1ecab1a4be9ea551.jpg,woman,wearing,equestrian clothing,5.265625
11b06ea19b8a48d9.jpg,man,wearing,blue shirt,4.0
d2d074cdb9224999.jpg,man,wearing,jacket,1.9375
ee5fc4c50bc988d9.jpg,man,wearing,helmet,3.6875
7edb152ac977cffc.jpg,woman,wearing,red sweater,4.109375
b432735a2d626bc2.jpg,boy,wearing,sunglasses,-0.515625
e0cff9ae2c4ccba7.jpg,man,wearing,smile,2.03125
e2c55ae7f4b7ddd0.jpg,woman,wearing,fur on her sleeves,1.234375
3ecd3b0292520228.jpg,man,wearing,black hat,1.953125
596ec3440b5a9f93.jpg,man,wearing,helmet,4.703125
d32303a62c007868.jpg,woman,wearing,jacket,5.046875
1242ab123b538f53.jpg,man,wearing,baseball glove,2.84375
aebbe4f246bcf0ee.jpg,man,wearing,yellow tie,4.78125
07c216b2baad22e7.jpg,woman,wearing,dress,2.453125
a903e7bb7226fc2c.jpg,man,wearing,silver rings,3.734375
479da084bf0d679f.jpg,man,wearing,kilt,3.96875
1fe277f5abfc7d74.jpg,woman,wearing,necklace,5.125
87b4844e765307ba.jpg,man,wearing,blue shirt,5.234375
d301b7ccedbb6a60.jpg,man,wearing,green shirt,3.390625
33877ac31b17f815.jpg,woman,wearing,necklace,4.46875
5149ad60cbacc1f8.jpg,woman,wearing,black exercise pants,2.21875
38136306a3600d6f.jpg,man,wearing,coat,4.984375
422d4210cdcdb6a5.jpg,man,wearing,tennis racket,1.265625
c22e29581c0e797e.jpg,person,wearing,blue outfit,4.421875
5a194770238332d2.jpg,woman,wearing,headdress,-0.109375
84af25555f7c818b.jpg,woman,wearing,pink bathing suit,3.546875
437c6697e0af46b6.jpg,man,wearing,helmet,4.40625
ddba6c84ada96d2b.jpg,man,wearing,hat,4.125
3a18c41d6a250c1a.jpg,woman,wearing,backpack,5.203125
1a00561698778497.jpg,woman,wearing,glasses,4.625
b22b89073480191e.jpg,woman,wearing,yellow jacket,3.421875
2e9721f274303090.jpg,man,wearing,hat,3.90625
a80531a76936a34a.jpg,man,wearing,accordion,1.59375
3b78e75f33d9b90a.jpg,man,wearing,helmet,4.0
65e46fc0805f86f1.jpg,woman,wearing,bikini,1.25
98b5f8fbfff0d05d.jpg,man,wearing,hat,5.078125
bc6b86f27e8186c2.jpg,man,wearing,hat,4.65625
1050b3c3f36090a3.jpg,woman,wearing,high heels,3.109375
84ad4ec3892221c7.jpg,man,wearing,glasses,4.5
018d4a117c1d7e16.jpg,man,wearing,red hat,3.046875
8ae3bac7967df4b7.jpg,man,wearing,military uniform,4.5
6f11f23cea22966f.jpg,woman,wearing,feather boa,3.640625
d3f6bc7d12972707.jpg,man,wearing,helmet,4.578125
db2682e944a9915c.jpg,man,wearing,mask,2.0
897485e4e7699ab2.jpg,man,wearing,grey shirt,3.015625
115150a6ba4eb0ca.jpg,man,wearing,glasses,3.5625
26d3e6efda2035c0.jpg,woman,wearing,belt,2.5
879caa754388ec1b.jpg,girl,wearing,goggles,3.515625
b15736bdd7914941.jpg,woman,wearing,necklace,5.34375
810a5ed9f3f17d89.jpg,woman,wearing,glasses,3.921875
66f190cca20533ed.jpg,man,wearing,sun hat,2.859375
5502a35f0f5ef825.jpg,man,wearing,jeans,4.125
51e6ff8c0af98410.jpg,woman,wearing,dangling earrings,3.9375
42c05e6f790f4ef6.jpg,man,wearing,purple shirt,4.8125
0ca56558107bdae5.jpg,woman,wearing,hat,5.34375
df051a0847309c44.jpg,man,wearing,black hat,3.0625
43ec4aa29ee2b16a.jpg,man,wearing,jacket,4.015625
6a6018122172653c.jpg,person,wearing,red jacket,3.09375
a8d7f65b1f6c2b76.jpg,woman,wearing,green,1.8125
96454288fb7fe59d.jpg,man,wearing,suit,4.265625
1519b2618048f525.jpg,man,wearing,sunglasses,4.421875
38136306a3600d6f.jpg,man,wearing,hat,4.109375
e42ce843c6e48119.jpg,woman,wearing,jacket,0.890625
390cce601a67389a.jpg,woman,wearing,swim cap,5.84375
91beb1e150bee50c.jpg,man,wearing,hard hat,4.53125
aaf5b5b51d27d3a2.jpg,person,wearing,red shirt,3.34375
ed39ece290eabd5d.jpg,person,wearing,helmet,4.84375
7465f120066a02cd.jpg,woman,wearing,red shoe,0.40625
e8ed4fb8d2ff2258.jpg,man,wearing,fedora,3.3125
561f1cadde8c0725.jpg,woman,wearing,sunglasses,3.96875
81eab2350699a82e.jpg,man,wearing,tie,4.890625
a02435a31346db04.jpg,man,wearing,top hat,3.984375
115bec3d6d7f09f2.jpg,woman,wearing,shorts,4.578125
9b1b545868d185b4.jpg,girl,wearing,purple dress,3.609375
5bcc87c13b42e844.jpg,girl,wearing,pink clothing,4.109375
a2e9e0465112b0e2.jpg,man,wearing,hat,4.703125
3e49a1c1b227ea28.jpg,person,wearing,white top,4.28125
106c8de22ed8d1d4.jpg,man,wearing,chef's uniform,5.28125
227d9e3550c9ec57.jpg,woman,wearing,purse,5.078125
9c39a9f507ee1787.jpg,woman,wearing,high heels,3.453125
60854ae38aa4b07c.jpg,woman,wearing,red high heels,3.375
20b92c77c1b03b11.jpg,woman,wearing,floral dress,3.703125
d7c4f4dcc1207ef1.jpg,man,wearing,soccer ball,1.453125
b5be42aef68ebf08.jpg,man,wearing,hat,4.453125
8105247aae5f048c.jpg,man,wearing,gloves,3.4375
a96f938d1ed1fdc5.jpg,man,wearing,shorts,5.015625
4caa7f161916628e.jpg,man,wearing,brown sweater,4.140625
8adaad8fefce4d9b.jpg,man,wearing,yellow tie,4.171875
f7f83ef0ae3406b2.jpg,woman,wearing,bikini,4.296875
21bf3a99e1062d37.jpg,man,wearing,cowboy hat,3.90625
5635c9b530f89131.jpg,man,wearing,flower,2.78125
711fbfa40b208b59.jpg,man,wearing,camouflage clothing,5.703125
4925ad38f1167993.jpg,man,wearing,military uniform,1.890625
09625dc24eb205b4.jpg,man,wearing,shirt,5.140625
61362bfc3e9f61c1.jpg,woman,wearing,black,2.71875
383ffb16d582355d.jpg,man,wearing,glasses,4.25
cef4977e5f34377b.jpg,man,wearing,hat,4.71875
8823286afacc9898.jpg,woman,wearing,sunglasses,3.765625
e0d9b46ea2950a9d.jpg,man,wearing,jacket,4.90625
fcc7a64a32ff820c.jpg,person,wearing,red tights,2.375
56136a5dd78b5454.jpg,man,wearing,helmet,4.3125
84930606ad9bc457.jpg,woman,wearing,white dress,3.1875
b2e355c7a82ce546.jpg,woman,wearing,green shirt,5.09375
cae06c543974920a.jpg,jockey,wearing,gray jacket,4.328125
4d55c519a24906d3.jpg,man,wearing,cowboy hat,3.28125
508252750223d78f.jpg,woman,wearing,bowtie,3.34375
cecebfac91ae2c38.jpg,man,wearing,hat,4.765625
8302f7352b501bc4.jpg,woman,wearing,red dress,2.828125
6a6881aefff9ad58.jpg,man,wearing,glasses,3.171875
218a7e0c84466325.jpg,people,wearing,helmets,4.96875
74f60e61ddeb2346.jpg,woman,wearing,silver swim cap,4.015625
438f461a5f6d8e7e.jpg,man,wearing,race car,0.171875
aa6c7c9bf1188b05.jpg,man,wearing,swim cap,0.625
00575b9132bb3746.jpg,man,wearing,helmet,2.796875
79585e8be9df5c22.jpg,man with the camera,wearing,headphones,2.609375
bf671231fd9e7070.jpg,man,wearing,glasses,2.515625
4f3ea0b2bc75000c.jpg,man,wearing,roller skates,4.359375
f19ecb261dd1a702.jpg,man,wearing,blue tent,1.359375
3fd61b93eb10b236.jpg,person,wearing,glasses,4.140625
0f5c46b60af6a324.jpg,girl,wearing,sandals,2.703125
1fe277f5abfc7d74.jpg,woman,wearing,tiara,3.640625
ae4580cd106bb09e.jpg,woman,wearing,black,3.21875
8bd8604e0da78098.jpg,woman,wearing,yellow top,3.609375
2c209664cc9be9e6.jpg,man,wearing,protective helmet,0.09375
2117bc938d9d9ea4.jpg,person,wearing,microphone,2.890625
6e8bd110b49ef26b.jpg,woman,wearing,visor,3.359375
3a445d61763c1234.jpg,man,wearing,glasses,3.484375
73dee0f201062631.jpg,man,wearing,glasses,3.265625
ca3ef34d7304dd6c.jpg,woman,wearing,green heels,1.75
a6a954a213816783.jpg,woman,wearing,miniskirt,1.921875
ea1d27e168a16bcd.jpg,woman,wearing,hat,3.234375
21d49b0df09b3757.jpg,man,wearing,glasses,4.078125
ca3ef34d7304dd6c.jpg,woman,wearing,miniskirt,2.546875
9a716890c5e81744.jpg,man,wearing,suit,4.171875
1de38c170bce1b3c.jpg,man,wearing,suit,4.234375
cb3bf3a4c2945191.jpg,man,wearing,helmet,0.109375
3728914be4a6f601.jpg,person,wearing,helmet,4.140625
03b9130b70a5adcf.jpg,woman,wearing,bra,1.609375
8618ec6384468b52.jpg,man,wearing,helmet,3.609375
48abd1db27d7de96.jpg,woman,wearing,swimsuit,3.46875
23a41085bee808f6.jpg,woman in black leggings,wearing,necklace,4.234375
a6a954a213816783.jpg,woman,wearing,black miniskirt,2.171875
3a18c41d6a250c1a.jpg,woman,wearing,glasses,4.65625
7465f120066a02cd.jpg,woman,wearing,green shirt,3.359375
a5d472f1030b942f.jpg,woman,wearing,blazer,3.90625
d60af2913ab8e98c.jpg,woman,wearing,bikini,1.515625
67e89bcc0dc88204.jpg,woman,wearing,headdress,5.03125
1f7c30f0c24fda91.jpg,man,wearing,yellow sweater,4.265625
2fae1af41b918fef.jpg,man,wearing,tie,5.453125
69788246df023ddf.jpg,man,wearing,hat,4.015625
9265227e8b79f7b5.jpg,man,wearing,hat,4.859375
b15736bdd7914941.jpg,woman,wearing,wedding dress,4.28125
91c4e85dd0511f1d.jpg,man,wearing,hat,5.46875
5278129f90393f7b.jpg,person,wearing,sandals,2.828125
2c08e140e00f5fdc.jpg,man,wearing,helmet,3.421875
0b8a351a260bc898.jpg,woman,wearing,tights,3.984375
6f722f46dd08b8d8.jpg,man,wearing,helmet,4.625
0013ea2087020901.jpg,child,wearing,diaper,1.984375
c7e5f40a0f905e5b.jpg,woman,wearing,maroon and white shirt,4.21875
d2d5e5cc2b420898.jpg,man,wearing,helmet,3.453125
5e87eaf2ecc31207.jpg,woman,wearing,hat,1.515625
b87e0053938bbad6.jpg,woman,wearing,camera,2.90625
1cd308dd54d1fd90.jpg,man,wearing,glasses,5.625
4ad6955cadc6eafa.jpg,woman,wearing,skirt,3.1875
491b8785879a5af3.jpg,person behind the desk,wearing,uniform,1.9375
124d86a6d3953a13.jpg,man,wearing,glasses,4.8125
6c8dafac9ee9d86e.jpg,man,wearing,red shirt,3.859375
85c499f10d7a6ae3.jpg,man,wearing,hat,3.328125
5e77e54ee62483fe.jpg,woman,wearing,bikini,0.71875
ece322ca4786d582.jpg,man,wearing,blue shirt,4.96875
9e11f75d740f84fe.jpg,man,wearing,helmet,3.875
424e586e378cac34.jpg,woman,wearing,jeans,4.59375
758cb6bee81ec9f8.jpg,man,wearing,blue shirt,0.40625
c7a79f9e87286930.jpg,woman,wearing,red headband,0.75
9d94d83310780c6f.jpg,woman,wearing,pink top,4.4375
4a55f408ddfb54e5.jpg,woman,wearing,pink goggles,2.484375
81eab2350699a82e.jpg,man,holding,glasses,2.21875
b085f6708ee5a803.jpg,man,holding,paintball gun,3.15625
409f7b5ca2a458c6.jpg,man,holding,ball,1.296875
2bb371dc7d9c1509.jpg,person,holding,baby,3.5
e42ce843c6e48119.jpg,woman,holding,handbag,4.375
b127ae8c8113f431.jpg,person,holding,mirror,0.5625
a903e7bb7226fc2c.jpg,man,holding,big camera,5.171875
1de38c170bce1b3c.jpg,man and woman,holding,hands,4.015625
81b9fa22daadac52.jpg,man,holding,drink,4.328125
2e9721f274303090.jpg,person,holding,bag,4.40625
c43d8e515688b759.jpg,man,holding,camera,2.0
f6fec6257ff0adca.jpg,easter bunny toy,holding,colorful egg,3.015625
9d94d83310780c6f.jpg,woman,holding,racket,5.328125
0fe12f551f900aca.jpg,medical professionals,holding,medical tools,6.53125
c7a6a5f2a8f674ce.jpg,man,holding,rugby ball,2.484375
c149c16556ee5d81.jpg,person,holding,wok,1.640625
2c209664cc9be9e6.jpg,man,holding,woman,1.203125
3244bcda9de87cdf.jpg,large toy box,holding,cardboard house,0.5
a5b2ac4f2041db39.jpg,person,holding,three-wheeled vehicle,1.828125
086224b8c3266d3e.jpg,person,holding,wok,1.1875
66147ef0d4be0638.jpg,man,holding,model boat,0.96875
96dd97e7202ab34e.jpg,man,holding,little girl,2.78125
84af25555f7c818b.jpg,person,holding,side of the boat,2.265625
af7c6395e7fdbeb5.jpg,man,holding,drink,0.25
1a08289e9fcda126.jpg,man,holding,mobile phone,4.40625
8adaad8fefce4d9b.jpg,man,holding,microphone,0.921875
f24ca937211d91af.jpg,person,holding,hamburger,4.828125
148aa1f69209814f.jpg,man,holding,soccer ball,1.96875
bb1eb0727b1b8d8e.jpg,man,holding,guitar,4.171875
f15a6e4c696003f7.jpg,person,holding,dog,2.921875
1a00561698778497.jpg,person,holding,book,3.890625
30a50c305d4fcd41.jpg,woman,holding,musical note chart,1.171875
f56ca856f3594aef.jpg,man,holding,cup,2.171875
200907829e4fbe95.jpg,person,holding,microphone,2.6875
809d426b0ed06d55.jpg,man,holding,american flag,2.171875
021fffa3d66f9b77.jpg,two men,holding,woman,1.859375
76b42cf5f4f5200e.jpg,man,holding,rifle,1.40625
116557a2d9bc5e70.jpg,man,holding,tennis racket,3.5625
92f8153301227be5.jpg,man,holding,baseball bat,6.078125
54b7a0bc0d489fe8.jpg,woman,holding,red purse,1.296875
09c0e499d462dabc.jpg,person,holding,baby,4.671875
141419f93246899e.jpg,woman,holding,beverage,3.578125
5076fe95c0ea798d.jpg,person,holding,hamburger,4.671875
175ef697cb84c875.jpg,man,holding,paddle,3.8125
30f0848269103d1f.jpg,person,holding,bottle of nail polish,3.046875
3fd61b93eb10b236.jpg,person,holding,camera,2.3125
3ec2b4d262e2ac4c.jpg,boy,holding,drumstick,2.71875
90f42332062eab57.jpg,boy,holding,saw,1.125
97b57bf58e7b224d.jpg,boy,holding,arrows,-0.375
ed0147f94eaf2efd.jpg,man,holding,putter,2.203125
a26b2c00a79d2c0d.jpg,man,holding,drumsticks,1.640625
cbdfc5549fd06095.jpg,man,holding,basketball,4.859375
f98a01e056b70647.jpg,man,holding,reins,2.53125
34e6e3ad05e112b7.jpg,person,holding,rabbit,3.15625
7c8a5253847619a5.jpg,person,holding,gun,2.203125
9f862b6373ba22da.jpg,koala,holding,two branches,0.828125
36233c5bd75baeac.jpg,toy fisherman,holding,toy fish,1.59375
d32303a62c007868.jpg,woman,holding,plastic bag,5.15625
738e234e59615c71.jpg,man,holding,flag,3.25
7afb90178c425e18.jpg,woman,holding,gun,-0.5
2ae47fa15fea397b.jpg,little girl,holding,red umbrella,3.46875
f56ca856f3594aef.jpg,boy,holding,smile,1.90625
c020aa3c539efe6f.jpg,man,holding,drill,2.96875
a0da01a93a6f51bf.jpg,baseball player,holding,bat,5.15625
a5255a39b87c5cf4.jpg,girl,holding,basketball,3.125
97b57bf58e7b224d.jpg,man,holding,bow and arrow,3.0
91c4e85dd0511f1d.jpg,man,holding,accordion,4.765625
1992db553680cac6.jpg,woman,holding,parasol,3.515625
479da084bf0d679f.jpg,man,holding,weapon,3.15625
1519b2618048f525.jpg,man,holding,shotgun,3.4375
286954cbfed9d91c.jpg,person,holding,pastry,6.0
24073df6a9c58c6b.jpg,man,holding,ball,2.421875
34a492cbd64e7740.jpg,person,holding,can of red bull,5.796875
2dfb0cd7ac014fc1.jpg,woman,holding,umbrella,2.4375
34025871515dde45.jpg,person,holding,ice cream cone,5.015625
2d7a6c57f56faf45.jpg,man,holding,ball,3.578125
f98e23895593ab01.jpg,man,holding,railing,0.234375
df051a0847309c44.jpg,man,holding,accordion,4.15625
75df3364755c336b.jpg,girl,holding,basketball,4.578125
17a89e9968dfe0ef.jpg,beekeeper,holding,beehive,2.5
942e91b079b37c7f.jpg,person,holding,hamster,4.953125
b14f752e43df1621.jpg,woman,holding,beer,4.1875
c0b0133682bf5fb2.jpg,man,holding,hockey stick,4.453125
df9cb342a2c613e4.jpg,vase,holding,flowers,3.09375
dd8a7bf210628fd7.jpg,man,holding,book,1.75
a7935166240eb68b.jpg,man,holding,camera,2.328125
6e8bd110b49ef26b.jpg,person,holding,golf flag pole,2.765625
98b5f8fbfff0d05d.jpg,man,holding,wood,3.734375
aef0a8bc66d5205d.jpg,people,riding,parachute,3.40625
67c9dd8871b245ae.jpg,people,riding,motorcycles,4.328125
2c08e140e00f5fdc.jpg,man,riding,custom bike,2.78125
a068ea435a318d8d.jpg,man,riding,bicycle,6.5
34ff10aa56e103ba.jpg,man,riding,motorcycle with one wheel,1.734375
295a7f2d76bcccb2.jpg,girl,riding,horse,1.125
663389d2c9d562d8.jpg,man,riding,green motorcycle,3.90625
aaf5b5b51d27d3a2.jpg,person,riding,yellow jet ski,1.71875
56136a5dd78b5454.jpg,person,riding,bicycle,6.34375
a5b2ac4f2041db39.jpg,man,riding,small tricycle,-0.46875
d0ffc5d3a209d1f0.jpg,man,riding,bicycle,5.375
8823286afacc9898.jpg,person,riding,bicycle with two wheels,2.234375
9c9d7f518c96cad9.jpg,person,riding,horse,-0.671875
2be6ab51b1f3621b.jpg,people,riding,segways,1.4375
83ad1edb154a2106.jpg,child,riding,bicycle,-0.3125
2b2bc6125f83ff18.jpg,person,riding,whale,-0.296875
61b9f3a4db94791b.jpg,man,riding,motorized scooter,5.171875
b4cb9fc067c1eb00.jpg,man,riding,wave,3.09375
662bf0ac81e57758.jpg,person,riding,horse,0.3125
66fb599a59a53707.jpg,person,riding,antique car,3.234375
83ad1edb154a2106.jpg,man,riding,bicycle,-0.421875
7c1d922420d9ae86.jpg,person,riding,bicycle,3.3125
5fa0491945756036.jpg,woman,riding,horse,-0.1875
ed39ece290eabd5d.jpg,person,riding,track,5.859375
4125df3dbe46a6af.jpg,person,riding,motorcycle,5.96875
0690bd5e0f95ddab.jpg,man,riding,jet ski,0.90625
437c6697e0af46b6.jpg,man,riding,dirt bike,5.71875
421a93da4e4152f3.jpg,man,riding,horse,1.65625
344a9140fb86e57d.jpg,woman,riding,horse,0.90625
a284f227c612b0c8.jpg,man,riding,motorcycle,-1.515625
4f3ea0b2bc75000c.jpg,man,riding,roller skates,3.4375
5b42b58ab16c05c0.jpg,person,riding,skateboard,3.0
ab46f7ec075d89ae.jpg,boy,riding,tricycle,2.796875
115bec3d6d7f09f2.jpg,woman,riding,blue bicycle,3.84375
d2d5e5cc2b420898.jpg,person,riding,segway,1.0
6f722f46dd08b8d8.jpg,man,riding,bicycle,3.953125
b5730a42515dad94.jpg,person,riding,horse,0.28125
7a9767c9f102b469.jpg,child,riding,bicycle,4.5
f155d2cee6e021f0.jpg,man,riding,three-wheeled bicycle,2.484375
1669479168968bcc.jpg,person,riding,motorcycle,1.375
92fae2a17e2daee1.jpg,man,riding,camel,1.828125
4eb478ec0835cfdd.jpg,girl,riding,bicycle,1.5
abc0ab097170ece3.jpg,boy,riding,surfboard,-0.25
c22e29581c0e797e.jpg,person,riding,bicycle,4.625
f15a6e4c696003f7.jpg,person,riding,motorcycle,3.75
9e11f75d740f84fe.jpg,man,riding,bicycle,6.0625
9fc6b9554a142b1a.jpg,man,riding,black bicycle,4.765625
591eff0709a14d1c.jpg,man,riding,jet ski,3.296875
0374141ebf11632e.jpg,boy,playing,instrument,1.578125
18da2f5082dcfbfc.jpg,boy,playing,smile,1.75
705cd0f2472a5424.jpg,man,playing,piano,5.953125
80fc17a6b8901997.jpg,woman,playing,violin,6.234375
42c05e6f790f4ef6.jpg,man,playing,chess,4.203125
0374141ebf11632e.jpg,man,playing,two instruments,1.9375
4a6fbccdd21b9dc3.jpg,person,playing,saxophone,1.21875
1be0a6a7ac54abe7.jpg,person,playing,cello,3.65625
bb1eb0727b1b8d8e.jpg,man,playing,guitar,4.59375
4a6fbccdd21b9dc3.jpg,person,playing,trombone,-0.4375
16aaa6421eaf9905.jpg,man,playing,musical instrument,2.234375
3a30bba9227d2d2b.jpg,woman in blue,playing,player in grey,0.90625
f8ca4926b5b4ef8b.jpg,man,playing,drums,4.421875
3034bfb0f7cefcb7.jpg,person,playing,necklace,1.03125
067e21aeda713b53.jpg,person,playing,violin,3.65625
1f7c30f0c24fda91.jpg,man,playing,banjo,2.25
1f7c30f0c24fda91.jpg,person,playing,guitar,1.75
d199144d2c868f25.jpg,girl,playing,brass instrument,5.421875
173eda5586f0dc07.jpg,girl,playing,accordion,3.078125
ed0147f94eaf2efd.jpg,man,playing,short cut lawn,2.25
9d79a3329d8a5e44.jpg,dog,playing,tennis ball,2.15625
3034bfb0f7cefcb7.jpg,person,playing,flute,3.1875
ba9cb8884bf69279.jpg,man,playing,drum,2.96875
0a3873442ad329c2.jpg,man,playing,piano,4.390625
a5659ba44eaf480d.jpg,men,playing,basketball,1.5625
86fa28d162ee13dc.jpg,man,playing,guitar,5.96875
200907829e4fbe95.jpg,man,playing,guitar,3.84375
5dd747ff8c8178a6.jpg,boy,playing,harp,0.46875
1cd308dd54d1fd90.jpg,man,playing,accordion,3.15625
3e33859ab2167cd4.jpg,person,playing,piano,5.71875
51da239e2fc5d489.jpg,person,playing,keyboard,3.28125
c38ff84151e26deb.jpg,woman wearing black clothes,playing,harp,2.84375
116557a2d9bc5e70.jpg,man,playing,tennis,3.828125
ac8cd22259045ec4.jpg,people,eating,cafe,0.484375
91ec1c47d9908244.jpg,squirrel,eating,berries,1.859375
06f6ec0edb1818e2.jpg,giraffe,eating,grass,1.28125
9cb82597259fc7fa.jpg,tapir,eating,grass,0.25
2cff2da279756f7a.jpg,dragonfly,eating,green leaf,-0.453125
2647aeeff6ef00be.jpg,giraffe,eating,grass,-0.5625
f1b2711ca0e0729a.jpg,boy,eating,food,2.015625
6a6881aefff9ad58.jpg,man,eating,food,3.578125
3a0b72a274530636.jpg,man,looking at,flower on the floor,1.515625
d8fee8d5c89796ef.jpg,man,looking at,green car,2.578125
c5f1de5718e6342b.jpg,man,looking at,white sports car,3.640625
6eb70509fcd7d06b.jpg,chicken,looking at,egg,1.65625
eb8a27e1fc9506a0.jpg,police officers,looking at,antique black car,4.328125
f6348d5f1f9494b4.jpg,man,looking at,blue antique car,5.734375
6bc56f8366132974.jpg,pineapple,interacting with,lemon,-0.59375
987f07dd15401231.jpg,person,interacting with,trees,0.640625
1518f0d086ee12a0.jpg,canadian flag,interacting with,tree,1.390625
2d6a5ad44a5b0a4d.jpg,cannons,interacting with,eiffel tower,-1.5
d2e270714f830a69.jpg,cell phone,interacting with,coffee cup,0.296875
ea1d27e168a16bcd.jpg,woman wearing polka dots,interacting with,person holding a google,0.1875
ec724ef6386c46fd.jpg,police officer,watching,man adjusting the bike,4.65625
9aea7f9fcea795d1.jpg,people,watching,small bridge,4.328125
751093209b03118e.jpg,spectators,watching,fencers,3.265625
4ece4336cb293790.jpg,man,watching,billiard balls,2.46875
9cb82597259fc7fa.jpg,woman,watching,animal,4.546875
3332995b230f5680.jpg,woman,drinking,icee,1.984375
141419f93246899e.jpg,girl,drinking,water,1.09375
cf234869c1b3211a.jpg,man,drinking,beverage,0.015625
8617694c95033edf.jpg,horse,carrying,wood,1.03125
cd96d08a348989b7.jpg,fox,carrying,animal,-0.125
c020aa3c539efe6f.jpg,man,using,power drill,5.421875
9d42af30c97b8e32.jpg,woman,using,laptop,3.171875
6280218c3acff468.jpg,knife,next to,cantaloupe,2.828125
3264cb227a07af3f.jpg,man,next to,skateboard,3.78125
ab5671e8a5e8979d.jpg,man,next to,cello,1.390625
0032257bf3cd56d0.jpg,elephant,next to,tree,3.703125
7466e622ed878695.jpg,deer,next to,rocks,2.34375
81b9fa22daadac52.jpg,man,next to,truck,4.296875
f470e767bb1f5070.jpg,man,next to,car,0.96875
cf5c3c91e3591b4e.jpg,pen,next to,calculator,4.578125
b3c1dc254d821440.jpg,teapot,next to,yellow cup,3.53125
35299cbbddd32ec4.jpg,man wearing a brown hat,next to,old man with glasses,3.515625
42912153cba51c7e.jpg,pretzel,next to,black mouse,1.421875
2117bc938d9d9ea4.jpg,woman,next to,person wearing headphones,4.546875
59a9abf74e5b31a3.jpg,red car,next to,train,4.0
ed6fd1df89836efe.jpg,black ibm mouse,next to,sunglasses,5.4375
31d7a828a6eb7961.jpg,sandwich,next to,red drink,5.21875
f76db3cc93c41727.jpg,tank,next to,another military vehicle,2.734375
6f3cf53ed1cf0b8c.jpg,flowerpot,next to,bench,4.1875
cf5c3c91e3591b4e.jpg,calculator,next to,pen,5.484375
758cb6bee81ec9f8.jpg,man,next to,white car,3.515625
1726e7e42ad92ec2.jpg,goose,next to,fence,3.53125
e3847c796a5943b4.jpg,coffee mug,next to,coffee pot,3.140625
8b8cba7b7f09e54f.jpg,car,next to,red building,3.203125
8eb32c27fcb2dd3e.jpg,square garden,next to,stairs,1.53125
5154dcba9b9dfe0b.jpg,wheel labeled px 100,next to,purple cover with a dial on it,4.625
1ead457c867be1cd.jpg,couch,next to,dining table,2.375
6f11f23cea22966f.jpg,child,next to,woman,4.15625
ee15c590a266405e.jpg,chair,next to,tent,2.703125
e742e284c7c9da96.jpg,car,next to,another car,3.59375
e81ee8a63c322e4d.jpg,toy lizard,next to,card,3.765625
092d60e0e87ee582.jpg,man,next to,black car,2.390625
98f0adafbc43f18e.jpg,printer,next to,shelves,1.0
af8fe8f491807b09.jpg,man,next to,grill,4.21875
c8ec249003aee91b.jpg,blue jeep,next to,old army jeep,3.96875
80cdec2f07849ce7.jpg,bull,next to,gate,3.59375
fc2ba9aed11db580.jpg,man,next to,poster,3.203125
1b4dc1c0cc436c11.jpg,man,next to,gray sports car,4.84375
b1cae8a8600781c6.jpg,fork,next to,plate,3.109375
cf700b7b9b21abaa.jpg,hamburger,next to,fries,4.78125
aed59fc1d72f575d.jpg,red telephone booth,next to,building,2.828125
5993ec2b3489bcea.jpg,man,next to,car,2.375
c479beacc67d4b7d.jpg,chair,next to,child,2.140625
0fdb1c7bf5fe76f7.jpg,table,next to,benches,4.65625
4af30ade5ff3deb1.jpg,dagger,next to,sheath,3.609375
115ca6aa3522da5a.jpg,chair,next to,couch,0.265625
41e2356b97f775c4.jpg,green apple,next to,yellow pear,3.109375
6bc56f8366132974.jpg,pineapple,next to,lemon,2.875
61362bfc3e9f61c1.jpg,people,next to,white food truck,4.078125
474d01057a719339.jpg,man,next to,red sports car,2.390625
94c99b3aea7ee041.jpg,sign,next to,tree and power pole,4.5625
fcd47d0c9ef61e14.jpg,red bag,next to,bread,4.296875
e6697a9f8ec12c82.jpg,black kettle,next to,white teacup,5.09375
5b502a4afe4ef80a.jpg,printer,next to,coffee cup,4.5
9a18f1f319f9d79a.jpg,dog,next to,person,3.296875
3264cb227a07af3f.jpg,skateboard,next to,man,2.84375
2f2039140c8b1f2b.jpg,woman,next to,bathtub,3.25
f1f7ff1db85041ce.jpg,mug,next to,can,4.203125
7e07848e1c0bffdd.jpg,man,next to,saxophone,0.0625
b15736bdd7914941.jpg,person,next to,suit,2.328125
96dd97e7202ab34e.jpg,blue vintage vehicle,next to,black car,3.0
e6299b9e04680adb.jpg,woman,next to,black car,2.015625
218167595eb76b7b.jpg,man,next to,white car,4.09375
00794645d77184eb.jpg,garage,next to,building,2.59375
19585468e65a5410.jpg,chicken,next to,mixing bowl,2.375
7e6b70d191f6b3aa.jpg,alpaca,next to,fence,4.421875
582cb18866f78e79.jpg,chair,next to,desk,2.90625
150612cbff32ca98.jpg,mouse,next to,person's hand,2.359375
e6697a9f8ec12c82.jpg,black teapot,next to,coffee mug,5.328125
f3587ef68990b0bb.jpg,car,next to,house,0.984375
c4f6a439a51b0ead.jpg,people,next to,limousine,4.109375
8ad67ad3a1cebe03.jpg,fork,next to,pizza,4.046875
a80531a76936a34a.jpg,man,next to,computer desk,2.890625
cde6915c2d66f100.jpg,bowl of grapes,next to,plate of salad,4.03125
efe5bbfceff71088.jpg,baby,next to,woman,5.328125
c83206479370493b.jpg,rabbit,next to,tree,3.015625
bc857cdddd5c152e.jpg,penny,next to,knife,3.9375
99222ebd7f666bec.jpg,digital timer,next to,empty glass,1.8125
861b52e55a452685.jpg,table,next to,person,4.40625
9247dfb8666b0f6c.jpg,man,next to,jeep,1.65625
62add46196823d66.jpg,kangaroo,next to,fence,3.515625
fd96bc99468d66c2.jpg,spoon,next to,coffee cup,4.4375
d2c3cebf153a1de9.jpg,blue bike,next to,wooden cabinet,4.953125
e78db8c474e6faf1.jpg,gnome,next to,flowerpot,4.484375
16c15b29b30148c2.jpg,red car,next to,white car,2.21875
b5a1a0b0689eebd9.jpg,man,next to,products for sale,4.734375
b1cae8a8600781c6.jpg,knife,next to,pasta,2.171875
41252915ac13a574.jpg,bottle,next to,potatoes,5.65625
72ecd0bcb9271f82.jpg,jaguar,next to,rock,3.46875
81d71fa7ba420f98.jpg,red candle,next to,christmas tree,3.5
7d9a7e679b39765c.jpg,catcher,next to,umpire,2.5
562ed1cbbcd50f38.jpg,orange juice,next to,used oranges,4.59375
abc0ab097170ece3.jpg,woman,next to,boy,3.3125
de91aaa438c84e14.jpg,car,next to,grass,2.296875
1d685b3ade4925bb.jpg,person,next to,hammock,2.421875
10dda8b9e1534f15.jpg,iphone,next to,ipod,4.53125
dd424886ee4db1df.jpg,woman holding a drink,next to,woman in the black strapless dress,4.296875
2b88a2127cfb1aaf.jpg,brown moth,sitting on,large green leaf,1.984375
0e2b08b1b733add7.jpg,man on the street,sitting on,unusual bicycle,5.3125
226062876db3962b.jpg,bee,sitting on,purple flower,1.890625
7e397995fc766ac5.jpg,fairy,sitting on,log,1.0625
9861f8093290fb60.jpg,woman,sitting on,blue mat,1.421875
dcaf07749bc94f41.jpg,teapot,sitting on,stove,0.265625
1b086e36b62a2151.jpg,leopard,sitting on,rock,-0.796875
4f25e56666f79025.jpg,lizard,sitting on,plant,0.28125
2cff2da279756f7a.jpg,blue dragonfly,sitting on,green leaf,1.0625
7dd088a7971162ec.jpg,man,sitting on,missile,0.8125
0fd87d6c06de6882.jpg,monkey,sitting on,stone,1.5
7db24634d94dfff1.jpg,man,sitting on,car,0.03125
d41fcf855e01eb44.jpg,cocktail glass,sitting on,table,1.0625
5f6f275c9dc49783.jpg,couple,sitting on,motorcycle,-0.53125
16ef4027ab1b5d31.jpg,bee,sitting on,flower,1.34375
2e5805948a6c401c.jpg,rabbit,sitting on,ground,1.4375
2095274227dfa438.jpg,kayak,sitting on,lawn,0.46875
ca9673d7edd29751.jpg,shrimp,sitting on,plate,0.828125
fc64fb95d7faba60.jpg,black moth,sitting on,bright yellow flower,2.046875
3c50dabff3cc62e0.jpg,lizard,sitting on,plant,1.0
cef4977e5f34377b.jpg,man,sitting on,tennis court,0.40625
098e9f853fd681cf.jpg,blue bird,sitting on,twig,2.40625
9792721d78d3d6fd.jpg,bug,sitting on,plant,1.609375
d2343d20f7cc6e48.jpg,butterfly,sitting on,pink flower,1.09375
c5a5058c603f97fe.jpg,bag of organic ruffles potato chips,sitting on,other snacks,1.078125
1a9d5f7cc9a88a1d.jpg,cup,sitting on,table,1.296875
f2502da756e59e5f.jpg,blue can of drink,sitting on,table,0.421875
43197f53dc624b26.jpg,cup,sitting on,saucer,1.59375
12bf58041aa68451.jpg,frog,sitting on,leaf,1.734375
f2502da756e59e5f.jpg,beer can,sitting on,yellow counter,1.09375
9f54ccb313cb4864.jpg,bag of buttered popcorn,sitting on,person's lap,2.5625
4db426cab3ef158b.jpg,bowl of pears,sitting on,wooden counter,2.34375
c7f0bce24ad7d792.jpg,bird,sitting on,branch,2.9375
64bffc40f0d073fe.jpg,stuffed panda,sitting on,shelf,0.015625
ac5cb1e70666bd27.jpg,wooden gun,sitting on,pink tripod,1.203125
05fb96a824503d43.jpg,turtle,sitting on,grass,1.109375
4ad6955cadc6eafa.jpg,woman,sitting on,suede chair,2.65625
7dd088a7971162ec.jpg,soldier,sitting on,cannon,0.84375
deaa0a53a0435084.jpg,dragonfly,sitting on,blade of grass,0.96875
7c33a5bb544ecf66.jpg,hamster,sitting on,table cloth,1.921875
ba9cb8884bf69279.jpg,man,sitting on,rug,2.578125
483cda6a77505e11.jpg,bottle,sitting on,table,0.671875
74dd9cd93e3fd507.jpg,lizard,sitting on,rock,1.484375
0cb1d3d86f9b2b4a.jpg,tiara,sitting on,turn table,1.28125
c5f1de5718e6342b.jpg,man,sitting on,bench,2.5625
a09c0a09a49ec6ec.jpg,scorpion,sitting on,rock,-0.0625
4e555f6453a7db12.jpg,girl,sitting on,floor,1.609375
8302f7352b501bc4.jpg,woman,sitting on,black leather couch,3.125
2c209664cc9be9e6.jpg,woman,sitting on,wheelbarrow,1.984375
45c5db396573df4c.jpg,monkey,sitting on,tree,-0.515625
3a5dd291059144bb.jpg,boy,sitting on,sculpture,1.59375
3c14d0bf2ce0fc43.jpg,bird,standing on,snow,1.09375
48abd1db27d7de96.jpg,woman,standing on,balance beam,1.765625
6e58d8b2c269091b.jpg,gray parrot,standing on,bookcase,-0.546875
f7f83ef0ae3406b2.jpg,woman,standing on,surfboard,0.625
a8c4da25c90c4245.jpg,girl,standing on,beach,-0.46875
da141ae39195c141.jpg,person,standing on,paddleboard,1.359375
6f804844ccc5126b.jpg,man,standing on,segway,0.921875
537843c1be04501c.jpg,woman,standing on,paddle board,0.109375
12bf58041aa68451.jpg,frog,standing on,leaf,0.40625
ca3ef34d7304dd6c.jpg,woman,standing on,steps,2.046875
6eb70509fcd7d06b.jpg,rooster,standing on,wooden ledge,1.90625
718c095fff3885ae.jpg,penguin,standing on,rock,0.5625
9aea7f9fcea795d1.jpg,girl,standing on,bridge,1.46875
dacedf7e8c932390.jpg,man,standing on,grey car,-0.390625
3994011ca62ac82b.jpg,black puppy,standing on,grass,-0.296875
3387777401546bd3.jpg,man,standing on,gondola,0.75
12da3a07afc25d88.jpg,yellow bird,standing on,white fence,0.84375
102d76f8b798eaec.jpg,polar bear,standing on,rock,0.203125
128bbc3d96aced53.jpg,goat,standing on,grass,0.21875
3b02824d888ae0ee.jpg,bird,standing on,field,-0.484375
cd84ccf68f0e4d23.jpg,scorpion,standing on,ground,0.53125
9733ea3be904c0e5.jpg,woman,standing on,deck of the building,1.0625
bafecb74232402fe.jpg,candles,standing on,counter,-0.3125
2e5805948a6c401c.jpg,rabbit,standing on,hind legs,1.796875
4b73b48c7858ae18.jpg,studio couch,near,large table,3.5625
1be63da150641ede.jpg,snowman,near,woods,3.640625
12429c1a9d340911.jpg,luxury suv,near,meter,4.8125
40e3252f39eee5d3.jpg,sink,near,window,4.15625
0b4739147c335514.jpg,tower,near,body of water,4.328125
d6db7584e8734c0d.jpg,people,near,bull,3.25
0af4ba8fd2a7e628.jpg,sink,near,bathtub,3.28125
41c7ee95543af458.jpg,people,near,coca-cola tents,5.96875
d9ee0aa080c3f5a1.jpg,round wooden table,near,chairs,4.203125
ce10b909451393b7.jpg,chest of drawers,near,trash can,3.1875
b655ede651e45487.jpg,sink,near,bottles,5.296875
0e7294d6ce0c1ee3.jpg,dog,near,people,5.21875
9c1cc45179a1aaba.jpg,chair,near,couch,3.140625
0dda17bcb0902e25.jpg,man,near,turtle sculpture,3.59375
f19ecb261dd1a702.jpg,people,near,blue tent,3.8125
87b4844e765307ba.jpg,man,near,projector,3.296875
d8518955bf6a1750.jpg,building,near,street,3.6875
302ab17223216c43.jpg,person,near,silver car,3.5
bd12ea92bcab1afd.jpg,black car,near,storm grate,4.375
63704d1bbcd07d02.jpg,car,near,field,4.640625
887113740f7d7548.jpg,skyscraper,near,train system,4.75
1db3793d7c84faa1.jpg,limousine,near,sidewalk,3.75
1f5cf6e96f0e0690.jpg,computer,in front of,screen,1.4375
af7c6395e7fdbeb5.jpg,beer glass,in front of,people,1.6875
0fa22c0df9c6f3c6.jpg,man,in front of,taj mahal,1.828125
46b1e160e19f7080.jpg,couple,in front of,wood paneled wall,3.921875
59b371efc0009dad.jpg,car,in front of,trees,2.640625
82560833eab971a5.jpg,people,in front of,food stand,1.078125
75a5942a2f0a04eb.jpg,bagel,in front of,cake,0.59375
59a9abf74e5b31a3.jpg,train,in front of,red car,2.03125
4037daacf65afd17.jpg,man,in front of,large structure,2.515625
464b7d197826674d.jpg,bench,in front of,water,2.59375
b18f7b35bdb3c8d9.jpg,man,in front of,blue backdrop,4.796875
3994011ca62ac82b.jpg,black puppy,in front of,larger puppy,1.515625
28f45b12ee25ae19.jpg,girl,in front of,bookshelf,2.140625
3e49a1c1b227ea28.jpg,man,in front of,chalkboard,0.203125
4039b8cc5d440313.jpg,blue bus,in front of,trees,2.6875
e40cea9dec7abb73.jpg,antelope,in front of,tree,1.546875
6dc9c50218de115b.jpg,man,in front of,chalkboard,2.6875
d5bc065dcbf157d6.jpg,red convertible ferrari,in front of,large building,3.171875
63704d1bbcd07d02.jpg,car,in front of,field,2.4375
27c41bbdb49d6f5f.jpg,man,in front of,computer,1.59375
0e7294d6ce0c1ee3.jpg,dog,in front of,people,2.15625
8ae3bac7967df4b7.jpg,man,in front of,helicopter,2.859375
5894684a6f19c9a5.jpg,car,in front of,church,2.671875
e51e3156ed41b3a8.jpg,glass,in front of,bottle,2.046875
7596194352869e89.jpg,van,on,street,-0.109375
bd12ea92bcab1afd.jpg,black suv,on,black car,-0.09375
3a1311935103446d.jpg,car,on,sidewalk,0.40625
1db3793d7c84faa1.jpg,stretch limo,on,wet street,2.125
94a0efb2383b5178.jpg,red truck,on,side of the road,1.625
cee436168b5e16ed.jpg,dark green car,on,road,1.671875
16349005622c6450.jpg,motorcycle,on,road,0.59375
5894684a6f19c9a5.jpg,red car,on,side of the street,1.4375
1d5e24ad2e68770d.jpg,car,on,road,0.265625
321da37c33ba3ce7.jpg,taxi,on,road,0.5625
e742e284c7c9da96.jpg,car,on,side of the road,1.234375
a94c4223d45aaf34.jpg,antique car,on,grass,2.84375
a46091cf102d43aa.jpg,small airplane,on,grass,3.0
f8a296c18fefa1e5.jpg,red car,on,grass,3.296875
12429c1a9d340911.jpg,black suv,behind,flowers,3.8125
a96f938d1ed1fdc5.jpg,man,behind,trees,-0.671875
cecebfac91ae2c38.jpg,man,behind,counter,1.96875
ce97f7bc90e97109.jpg,red car,behind,black suv,-0.125
952dd90f8d1024bd.jpg,girl,behind,car,2.25
255bfaef93b509cf.jpg,truck,behind,plume of smoke,0.765625
5186be6866db2e1c.jpg,red sports car,behind,another car on the road,1.703125
299f0363ae21d1c3.jpg,blue sports car,behind,commercial van,2.0
64c9f3614d5e8168.jpg,scooter,behind,skateboard,0.171875
84930606ad9bc457.jpg,woman,behind,counter,1.90625
299f0363ae21d1c3.jpg,blue lotus,behind,vehicle advertising jennie's flowers,2.875
8617694c95033edf.jpg,man,behind,mule,0.5625
cc2a3e52994f7b80.jpg,lynx,behind,tree,0.0625
7fa8b4a5f88946e4.jpg,giraffe,behind,zebras,0.203125
6ebc35666d60f5e2.jpg,white lily,on top of,green wet plants,2.34375
a62462153630add0.jpg,owl,on top of,red suitcase,3.09375
ac5cb1e70666bd27.jpg,rifle with a scope,on top of,purple tripod,3.53125
c8a4a228c9df91ef.jpg,man,on top of,mountain,0.578125
c269b0d43c7ef12f.jpg,scoop of ice cream,on top of,stack of pancakes,3.046875
a3aade02e5418967.jpg,bowl,on top of,red plate,3.15625
c1e61b37a07c748f.jpg,doughnut,on top of,paper bag,3.078125
150612cbff32ca98.jpg,hamster,on top of,couch,2.1875
1c63f023a27a8a05.jpg,lighthouse,on top of,mountain,0.71875
34b8358262d2a434.jpg,blue starfish,on top of,rock,1.890625
b6f26c9d7c6667c5.jpg,bed,under,lamp,1.421875
40e3252f39eee5d3.jpg,sink,under,faucet,1.5625
182268e1f8c6525f.jpg,orange car,under,tree,-1.03125
71c022fa0b5b7ec6.jpg,dresser,under,window,0.453125
8da3d7c3edb36065.jpg,wine rack,above,microwave oven,2.765625
940e0e3d0364232a.jpg,airplane,above,flag,0.640625
9ba56debc7e20d8c.jpg,blue curtain,above,table,2.5
8d1e53413cd9c13f.jpg,traffic sign,below,traffic light,0.796875
