image_id,s,o,r,label,split,family,qtype,d_id:s,d_id:o,d_id:so,d_inv:s,d_inv:o,d_inv:so,a_orig
8c4e736ef60aa3f9.jpg,man,red hat,wearing,1,calib,non-spatial,Positive,3.3125,3.703125,3.25,3.1875,2.9375,3.078125,1.671875
ecc1b92e865ed769.jpg,man,two large fish,holding,1,calib,non-spatial,Positive,4.328125,5.578124940395355,4.953125,4.999999940395355,3.078125,5.03125,4.703125
aef0a8bc66d5205d.jpg,people,parachute,riding,1,eval,non-spatial,Positive,0.265625,3.015625,3.296875,0.25,1.65625,1.7656251192092896,2.640625
abd556f244c58f8a.jpg,man,red paddle,playing,1,calib,non-spatial,Opposite,1.015625,4.484375,3.015625,0.1875,2.2812499403953552,1.5625,3.0625
ac8cd22259045ec4.jpg,people,cafe,eating,1,eval,non-spatial,Positive,0.5,6.5468748807907104,6.5625,0.15625,1.890625,1.890625,4.875
241fa3a6aabc7381.jpg,sea lion,water,swimming,1,calib,non-spatial,Positive,5.296875,1.046875,3.34375,,,,5.390625
c03e2829c1f8e983.jpg,man,rocket,looking at,1,calib,non-spatial,Positive,0.59375,2.15625,3.1875,0.90625,3.6875,4.078125,3.421875
df754b5d85cef4f2.jpg,person,car,driving,1,eval,non-spatial,Positive,-0.1875,3.3750001192092896,3.15625,,,,1.578125
6bc56f8366132974.jpg,pineapple,lemon,interacting with,1,eval,non-spatial,Opposite,0.4687500596046448,0.48437511920928955,0.40625011920928955,0.28124988079071045,-0.3906250596046448,0.171875,0.8750000596046448
6ed3e3ebe9a5fde5.jpg,woman,monitor,watching,1,calib,non-spatial,Positive,3.15625,1.03125,3.140625,3.265625,1.609375,3.328125,4.609375
58798929a694cd43.jpg,man,blue martini,drinking,1,calib,non-spatial,Opposite,4.28125,4.71875,4.234375,2.265625,2.1406250596046448,2.1562499403953552,3.515625
8617694c95033edf.jpg,horse,wood,carrying,1,eval,non-spatial,Opposite,5.46875,6.5,7.125,2.609375,1.890625,2.4375,6.09375
c020aa3c539efe6f.jpg,man,power drill,using,1,eval,non-spatial,Opposite,2.21875,1.15625,2.171875,2.734375,1.390625,3.109375,4.59375
333452abf04d1b2b.jpg,girl,book,reading,1,calib,non-spatial,Positive,0.828125,2.40625,1.0625,1.890625,1.796875,2.359375,3.375
cc3be92a42a1ce64.jpg,man,clothing,wearing,0,calib,non-spatial,Positive,0.75,1.4062500596046448,2.65625,0.78125,0.4531249403953552,1.5781249403953552,2.171875
81eab2350699a82e.jpg,man,glasses,holding,0,eval,non-spatial,Opposite,4.375,4.375,4.484375,3.0,3.0,2.9218749403953552,4.15625
67c9dd8871b245ae.jpg,people,motorcycles,riding,0,eval,non-spatial,Positive,1.671875,-0.09375,1.625,2.671875,0.046875,2.359375,6.828125
3ecc39c24fe3d233.jpg,person,trumpet,playing,0,calib,non-spatial,Opposite,-0.4375,5.046875,2.3749999403953552,-1.59375,2.7812499403953552,1.578125,2.9375
ce05c78f65ee8ade.jpg,jaguar,plants,eating,0,calib,non-spatial,Opposite,-2.1093750596046448,0.078125,-2.2656250596046448,0.203125,0.6093748807907104,0.21875,-1.90625
d72dd8e6f1493ac1.jpg,shark,another shark,swimming,0,eval,non-spatial,Opposite,2.890625,2.890625,2.984375,,,,1.40625
15e2134bf1363429.jpg,person,books on the shelf,looking at,0,calib,non-spatial,Opposite,1.46875,-1.015625,0.640625,2.078125,-0.171875,1.875,1.875
9c7e9f0b7713352b.jpg,truck,bus,driving,0,calib,non-spatial,Opposite,-0.359375,0.96875,0.875,,,,2.140625
987f07dd15401231.jpg,person,trees,interacting with,0,eval,non-spatial,Opposite,0.3125000596046448,-0.5624999403953552,-0.062499940395355225,0.6406250596046448,0.171875,0.6875000596046448,-0.4374999403953552
ec724ef6386c46fd.jpg,police officer,man adjusting the bike,watching,0,eval,non-spatial,Opposite,4.5,1.734375,4.656250059604645,4.421874940395355,3.5625,4.84375,5.40625
3332995b230f5680.jpg,woman,icee,drinking,0,eval,non-spatial,Opposite,4.796875,6.734375,6.765625,1.796875,1.953125,1.921875,7.421875
9aef214668a40012.jpg,bird,snake,carrying,1,calib,non-spatial,Positive,2.078125,1.625,2.078125,1.53125,1.4375001192092896,1.5312501192092896,-0.5
43d3e75d8266c4b6.jpg,woman,camera,using,1,calib,non-spatial,Positive,1.109375,1.8125,1.34375,1.96875,0.5,1.765625,3.578125
e823885c5fe5400a.jpg,woman,book,reading,1,calib,non-spatial,Positive,1.34375,2.328125,2.375,0.8281251192092896,1.1250000596046448,1.046875,3.625
336bacff8461dbaa.jpg,woman,red swimsuit,wearing,1,eval,non-spatial,Positive,0.8124998807907104,0.5624998807907104,0.9218748807907104,2.015625,3.2968749403953552,1.953125,1.8593748807907104
b085f6708ee5a803.jpg,man,paintball gun,holding,1,eval,non-spatial,Positive,3.203125,1.625,3.5468750596046448,2.828125,2.046875,3.25,3.109375
9981302a90bd62b1.jpg,man,segway,riding,1,calib,non-spatial,Positive,-0.515625,3.296875,3.015625,0.546875,0.328125,0.15625,2.34375
0374141ebf11632e.jpg,boy,instrument,playing,1,eval,non-spatial,Positive,4.6875,-0.984375,6.046875,1.4218748807907104,0.26562488079071045,1.5624998807907104,4.453125
91ec1c47d9908244.jpg,squirrel,berries,eating,1,eval,non-spatial,Positive,2.609375,0.578125,2.625,2.0625,0.84375,2.0625,4.03125
c9a9c94c00eaf042.jpg,fish,coral,swimming,1,eval,non-spatial,Positive,3.1875,5.21875,5.25,,,,5.328125
6b93600bf7b77a49.jpg,ostrich,camera,looking at,1,calib,non-spatial,Positive,4.390625,4.390625,4.28125,2.390625,2.390625,2.484375,3.96875
a30d03e30dca89ea.jpg,man,pickup truck,driving,1,calib,non-spatial,Positive,0.15625,0.6249998807907104,0.6250001192092896,,,,2.390625
19682f51b9c5e5d5.jpg,goat,rocks,interacting with,0,calib,non-spatial,Opposite,0.8281250596046448,0.15625005960464478,0.5312500596046448,2.328125,0.296875,2.03125,0.0625
9aea7f9fcea795d1.jpg,people,small bridge,watching,1,eval,non-spatial,Positive,-0.34375,5.796875,5.84375,1.0,3.015625,2.9999998807907104,4.375
240290e2f775af42.jpg,person,juice,drinking,1,calib,non-spatial,Positive,1.515625,-1.265625,1.484375,1.7499999403953552,2.234375,1.71875,0.140625
6c1175970fef91b1.jpg,truck,kayak,carrying,1,calib,non-spatial,Positive,4.0,5.15625,6.109375,2.515625,2.359375,3.46875,6.78125
9d42af30c97b8e32.jpg,woman,laptop,using,1,eval,non-spatial,Positive,4.65625,1.828125,4.46875,2.703125,4.124999940395355,2.8125,2.90625
9ae2d9c5782e3d8c.jpg,man,black coat,wearing,0,eval,non-spatial,Opposite,4.453125,4.453125,4.390625,2.0624999403953552,2.0624999403953552,2.1249999403953552,5.515625
e5e3f9f035499de1.jpg,mouse,metal rod,holding,0,calib,non-spatial,Opposite,3.8906250596046448,1.2812500596046448,3.9687500596046448,1.2500000596046448,0.59375,1.21875,0.8750000596046448
2c08e140e00f5fdc.jpg,man,custom bike,riding,0,eval,non-spatial,Opposite,-0.96875,0.140625,-0.6875,0.46875,-0.421875,1.984375,2.6875
18da2f5082dcfbfc.jpg,boy,smile,playing,0,eval,non-spatial,Opposite,1.9062500596046448,0.375,1.8749999403953552,1.359375,0.10937511920928955,1.34375,2.734375
a83d31d69e28914b.jpg,woman,pastry,eating,0,calib,non-spatial,Opposite,0.09375,-0.2343752384185791,0.0,0.12500011920928955,0.17187505960464478,0.15625005960464478,3.75
626a3711b885a310.jpg,woman,marked lane,swimming,1,calib,non-spatial,Positive,0.90625,1.28125,1.015625,,,,2.390625
3a0b72a274530636.jpg,man,flower on the floor,looking at,0,eval,non-spatial,Opposite,1.4375,-0.65625,0.4375,0.859375,-0.28125011920928955,0.3125,2.140625
8b3cbd186fbe298e.jpg,woman,tractor,driving,0,calib,non-spatial,Opposite,-0.140625,-1.265625,-1.484375,,,,-0.34375
775ac6a03dbec98c.jpg,people,fancy grey car,interacting with,0,calib,non-spatial,Opposite,0.953125,3.09375,3.078125,0.65625,4.265625,4.265625,1.9531248807907104
0b1fbd3ba02701cd.jpg,people,dancers,watching,0,calib,non-spatial,Opposite,0.2031247615814209,0.15625,0.421875,1.109375,0.03125,1.7812498807907104,4.171875
976649e55a61ced7.jpg,person,one of the cups of coffee,drinking,0,calib,non-spatial,Opposite,1.375,0.453125,1.453125,0.8125,-0.375,0.875,3.71875
cd96d08a348989b7.jpg,fox,animal,carrying,1,eval,non-spatial,Positive,4.28125,3.09375,4.374999940395355,1.09375,1.15625,0.875,3.65625
ce7ee590cc097ae0.jpg,blonde barbie doll,pink lipstick,wearing,1,eval,non-spatial,Positive,3.6562500596046448,2.21875,3.84375,2.3437500596046448,1.4375,2.4375000596046448,3.71875
3ab64d8f62ae62b8.jpg,man,gun,holding,1,calib,non-spatial,Positive,6.546875,3.984375,6.828125,4.46875,3.359375,4.40625,5.109375
72157cefa7c57ec8.jpg,boy,bicycle,riding,1,calib,non-spatial,Positive,3.40625,0.40624988079071045,1.625,1.78125,0.171875,0.375,2.25
705cd0f2472a5424.jpg,man,piano,playing,1,eval,non-spatial,Positive,4.734375,5.859375,6.2812498807907104,6.046875,5.53125,6.015625,8.09375
06f6ec0edb1818e2.jpg,giraffe,grass,eating,1,eval,non-spatial,Positive,2.0625,2.71875,2.484375,2.453125,2.2031250596046448,2.421875,1.359375
0a72fef43a51c479.jpg,dolphin,blue water,swimming,1,eval,non-spatial,Positive,0.296875,5.124999940395355,5.203125,,,,4.734375
3f4d12195722201c.jpg,man,wood burning stove,looking at,1,calib,non-spatial,Positive,3.1093750596046448,3.1562500596046448,3.1093750596046448,2.71875,3.453125,3.34375,3.75
91e377ce5737895e.jpg,man,riding lawnmower,driving,1,calib,non-spatial,Positive,2.984375,2.1875,3.5,,,,2.703125
1518f0d086ee12a0.jpg,canadian flag,tree,interacting with,0,eval,non-spatial,Opposite,1.890625,2.21875,3.703125,1.59375,0.7187499403953552,2.71875,1.15625
751093209b03118e.jpg,spectators,fencers,watching,1,eval,non-spatial,Opposite,1.234375,2.984375,2.953125,0.96875,2.09375,2.078125,5.375
141419f93246899e.jpg,girl,water,drinking,1,eval,non-spatial,Positive,1.078125,1.15625,0.9375,0.7187499403953552,1.109375,0.7031249403953552,1.046875
63e2c41f873864a3.jpg,man,santa costume,wearing,0,calib,non-spatial,Opposite,4.96875,4.96875,5.09375,2.59375,2.59375,2.65625,6.625
1109ae1bfb4efe78.jpg,woman,briefcase,holding,0,calib,non-spatial,Positive,0.859375,0.40624988079071045,1.84375,0.15625,-0.5781251192092896,0.125,2.390625
a068ea435a318d8d.jpg,man,bicycle,riding,0,eval,non-spatial,Random,-1.0,-0.53125,-0.8125,5.265625,4.4375,5.9375,2.25
80fc17a6b8901997.jpg,woman,violin,playing,0,eval,non-spatial,Opposite,0.53125,-0.015624940395355225,0.4374999403953552,6.359375,5.0937498807907104,6.5,-0.46875
6b93600bf7b77a49.jpg,deer,background,eating,0,calib,non-spatial,Opposite,2.1562500596046448,2.1562500596046448,2.2500000596046448,0.609375,0.609375,0.625,0.7343750596046448
c59a5b26c1404980.jpg,goldfish,pond,swimming,1,eval,non-spatial,Positive,2.484375,3.9531250596046448,4.0625,,,,3.171875
d8fee8d5c89796ef.jpg,man,green car,looking at,0,eval,non-spatial,Positive,-0.5,3.3125,3.328125,0.53125,3.09375,3.1249999403953552,3.34375
64430a732bf65089.jpg,man,jeep,driving,1,eval,non-spatial,Positive,1.96875,3.421875,3.3125,,,,3.40625
be02ff4211196dce.jpg,matte black fan,black suv,interacting with,0,calib,non-spatial,Opposite,3.34375,3.328125,3.3125,1.34375,1.328125,1.40625,0.953125
4ece4336cb293790.jpg,man,billiard balls,watching,1,eval,non-spatial,Positive,2.015625,0.78125,2.765625,1.359375,0.671875,1.140625,5.171875
cf234869c1b3211a.jpg,man,beverage,drinking,1,eval,non-spatial,Positive,4.375,2.046875,4.34375,0.4218750596046448,-0.078125,0.390625,5.25
3d27c190d43ac211.jpg,man,swim cap,wearing,1,eval,non-spatial,Positive,0.546875,0.765625,0.578125,-0.15625,0.3125,-0.12499994039535522,2.921875
409f7b5ca2a458c6.jpg,man,ball,holding,1,eval,non-spatial,Positive,0.984375,-0.15625,1.3593750596046448,0.78125,1.078125,1.578125,1.890625
00c5be8db0e25f5e.jpg,man,tank,riding,1,calib,non-spatial,Positive,-2.203125,1.796875,1.796875,-0.453125,0.609375,0.59375,2.09375
9bed0e9513710c7b.jpg,man,saxophone,playing,1,calib,non-spatial,Positive,0.984375,0.34375,0.953125,-0.07812488079071045,-0.828125,-0.1875,-1.265625
571db87ed7eadabb.jpg,rhinoceros,grass,eating,1,calib,non-spatial,Opposite,5.328125,5.90625,5.281250059604645,1.703125,1.59375,2.0625,4.5625
34ad56315c274a21.jpg,duck,water,swimming,1,calib,non-spatial,Positive,3.78125,4.3125,4.234375,,,,4.078125
601bcc8207662a15.jpg,people,fish at the market,looking at,1,calib,non-spatial,Positive,0.828125,0.203125,1.53125,0.78125,0.421875,1.1875,6.59375
78916540e81a1c6c.jpg,man,horse and carriage,driving,1,eval,non-spatial,Positive,0.765625,-0.453125,1.09375,,,,3.546875
2d6a5ad44a5b0a4d.jpg,cannons,eiffel tower,interacting with,0,eval,non-spatial,Opposite,1.296875,-0.3125,1.4374998807907104,0.40625011920928955,-0.140625,0.421875,-0.34375
9cb82597259fc7fa.jpg,woman,animal,watching,1,eval,non-spatial,Positive,1.4375,1.75,2.859375,1.140625,1.890625,2.8125001192092896,6.203125
a51400dd646350f7.jpg,man,vest,wearing,0,calib,non-spatial,Opposite,1.640625,1.640625,1.25,2.6093750596046448,2.6093750596046448,2.34375,0.109375
d6b8b01e4ce6950a.jpg,person,snowboard,holding,0,calib,non-spatial,Opposite,-0.71875,0.203125,-0.734375,-0.015625,0.109375,0.015625,3.71875
a0b8948a5a669d86.jpg,man,bike,riding,0,calib,non-spatial,Random,1.21875,0.078125,1.015625,6.8125,5.140625,6.265625,3.5625
42c05e6f790f4ef6.jpg,man,chess,playing,0,eval,non-spatial,Opposite,1.59375,1.59375,1.421875,1.65625,1.65625,1.296875,5.0
d8719e9ba942ab84.jpg,giraffe,green leaves,eating,0,calib,non-spatial,Opposite,0.4375,0.4843750596046448,0.5625,2.671875,2.625,2.6875001192092896,1.40625
ef7032c808636ca7.jpg,shark,water,swimming,1,calib,non-spatial,Positive,0.859375,1.96875,1.984375,,,,2.171875
c5f1de5718e6342b.jpg,man,white sports car,looking at,0,eval,non-spatial,Opposite,0.921875,3.203125,3.1875,1.40625,3.765625,3.828125,3.578125
0e50ea14c4fc1353.jpg,man,car,driving,1,eval,non-spatial,Positive,-0.4375,2.46875,2.5,,,,2.203125
3f4f9e6257355eea.jpg,brown cowboy hat,dark-colored area,interacting with,0,calib,non-spatial,Opposite,4.281250059604645,4.281250059604645,4.21875,3.046875,3.046875,2.9843750596046448,3.609375
55f1af9a02042d09.jpg,man,roller skates,wearing,1,eval,non-spatial,Positive,-0.26562488079071045,0.0,-0.26562488079071045,-0.34375,0.0,-0.34375,1.71875
2bb371dc7d9c1509.jpg,person,baby,holding,1,eval,non-spatial,Opposite,2.078125,4.515625,3.625,2.359375,3.796875,2.7968749403953552,4.265625
3be189900a496924.jpg,person,bicycle,riding,1,calib,non-spatial,Positive,3.578125,2.359375,6.609375,3.84375,1.578125,4.312499940395355,8.0625
ea2a84f5d29be501.jpg,person,accordion outside,playing,1,calib,non-spatial,Opposite,6.515625,7.21875,6.40625,2.625,2.71875,2.671875,5.71875
4dd5c9237289e31a.jpg,panda,bamboo,eating,1,calib,non-spatial,Positive,3.390625,2.828125,4.28125,2.15625,1.421875,2.296875,3.515625
9911e7a3eb6a5288.jpg,yellow jellyfish,deep ocean,swimming,1,calib,non-spatial,Positive,1.515625,2.03125,1.859375,,,,0.28125
6eb70509fcd7d06b.jpg,chicken,egg,looking at,1,eval,non-spatial,Positive,3.078125,1.796875,3.859375,2.9843751192092896,1.1093751788139343,2.7968751192092896,2.828125
044a3e7c7b006202.jpg,tank,street,driving,1,eval,non-spatial,Positive,2.328125,1.171875,4.875,,,,4.84375
d2e270714f830a69.jpg,cell phone,coffee cup,interacting with,0,eval,non-spatial,Opposite,-0.296875,-0.296875,-0.25,-0.046874940395355225,-0.046874940395355225,5.960464477539063e-08,-0.390625
5635c9b530f89131.jpg,man,black suit,wearing,0,eval,non-spatial,Opposite,2.296875,-0.1875,2.078125,2.671875,0.03125,2.046875,4.1875
e42ce843c6e48119.jpg,woman,handbag,holding,0,eval,non-spatial,Opposite,4.5,3.234375,4.484375,4.937499940395355,3.9375,4.937499940395355,4.265625
c6324f32dbc3a847.jpg,man,bike,riding,0,calib,non-spatial,Opposite,-5.609375,-5.171875,-5.625,-3.703125,-3.03125,-3.96875,-0.1875
0374141ebf11632e.jpg,man,two instruments,playing,0,eval,non-spatial,Opposite,4.078125,2.265625,4.625,2.140625,0.640625,2.34375,2.3125
9cb82597259fc7fa.jpg,tapir,grass,eating,0,eval,non-spatial,Opposite,1.0937499403953552,0.515625,2.0,0.8124999403953552,0.046875,1.046875,1.484375
7d1c8d4cd681a22e.jpg,seahorse,water,swimming,1,calib,non-spatial,Positive,-1.203125,-0.25,-1.484375,,,,-0.890625
6e9dcdbee43b0346.jpg,person,book,looking at,0,calib,non-spatial,Positive,0.26562511920928955,1.25,0.03125,1.453125,0.9375,1.7499999403953552,2.15625
37d1a85b903eb8c7.jpg,person,go-cart,driving,1,eval,non-spatial,Opposite,4.0625,3.4375,3.921875,,,,3.765625
ea1d27e168a16bcd.jpg,woman wearing polka dots,person holding a google,interacting with,0,eval,non-spatial,Random,0.25,1.0625,0.96875,0.21875,1.390625,1.328125,-1.171875
c4e8395425f49d05.jpg,man,helmet,wearing,1,calib,non-spatial,Positive,3.2187499403953552,3.765625,3.125,3.71875,4.015625,3.7499999403953552,4.203125
6e012cc0602d3dc1.jpg,man,pen,holding,1,calib,non-spatial,Opposite,5.046875,3.953125,5.03125,3.84375,3.25,3.859375,3.875
34ff10aa56e103ba.jpg,man,motorcycle with one wheel,riding,1,eval,non-spatial,Opposite,0.359375,0.546875,3.4375,2.40625,1.3593749403953552,2.1875,2.046875
267fb36486a00fcc.jpg,man,piano,playing,1,calib,non-spatial,Positive,4.828125,5.03125,6.671875,3.96875,3.625,4.3125,5.484375
e2d6553151f7231b.jpg,people,food truck,eating,1,calib,non-spatial,Opposite,0.828125,3.71875,3.765625,-0.09375,0.4375,0.4375,2.25
7d0ae9c754aa907f.jpg,dolphin,ocean water,swimming,1,eval,non-spatial,Positive,0.0625,1.46875,1.6875,,,,1.5
d790aadf45f34031.jpg,boy,menu,looking at,1,calib,non-spatial,Opposite,1.546875,2.890625,3.15625,3.546875,3.546875,4.234375059604645,3.40625
cf92d0c26b461d85.jpg,man,tractor,driving,1,calib,non-spatial,Positive,2.6875,3.40625,3.390625,,,,1.796875
125fd09ae6bccf6a.jpg,man,blue goggle,wearing,0,calib,non-spatial,Opposite,0.0,0.0,0.0,0.0,0.0,0.0,0.5781250596046448
b127ae8c8113f431.jpg,person,mirror,holding,0,eval,non-spatial,Positive,1.875,1.484375,1.578125,0.8593750596046448,1.203125,1.203125,1.03125
67d2d798ebba1e74.jpg,man,bicycle,riding,0,calib,non-spatial,Opposite,-0.546875,1.921875,1.203125,0.96875,1.25,0.765625,0.59375
d1ef645e3687eb31.jpg,men,volleyball,playing,0,calib,non-spatial,Opposite,0.6250000596046448,0.6250000596046448,0.5156250596046448,1.46875,1.46875,1.546875,0.5000000596046448
2cff2da279756f7a.jpg,dragonfly,green leaf,eating,0,eval,non-spatial,Opposite,0.53125,0.53125,0.453125,0.4843750596046448,0.4843750596046448,0.3125,-1.53125
68ce06b52564fa0e.jpg,harbor seal,water,swimming,1,eval,non-spatial,Positive,1.2187499403953552,1.9531248807907104,1.9999998807907104,,,,1.9999998807907104
5df386da132b567b.jpg,girl in the bike helmet,woman with the red backpack,looking at,1,calib,non-spatial,Positive,0.984375,0.109375,0.53125,1.640625,0.53125,1.78125,2.3125
85ddb7e0f60156a3.jpg,woman,car,driving,1,eval,non-spatial,Positive,0.34375011920928955,2.7031251192092896,2.5781251192092896,,,,1.6875001192092896
c54175229271d3f0.jpg,woman,underwear,wearing,1,calib,non-spatial,Opposite,4.421875,3.90625,4.468750059604645,-0.625,-0.296875,-0.6562499403953552,4.859375
a903e7bb7226fc2c.jpg,man,big camera,holding,1,eval,non-spatial,Opposite,2.828125,2.4375,2.703125,5.03125,4.078125,4.796875,3.71875
b6b804401adcbe4a.jpg,boy,yellow robot,riding,1,calib,non-spatial,Positive,1.015625,5.1718748807907104,5.828125,1.3593751192092896,2.3593751192092896,2.7656251192092896,3.328125
4a6fbccdd21b9dc3.jpg,person,saxophone,playing,1,eval,non-spatial,Positive,-0.12499994039535522,2.96875,2.9375,0.9687498807907104,2.7968748807907104,2.8437498807907104,0.34375
2647aeeff6ef00be.jpg,giraffe,grass,eating,1,eval,non-spatial,Positive,3.609375,3.609375,3.640625,1.828125,1.828125,1.84375,0.625
40adb7cb1e71790f.jpg,dolphin,water,swimming,1,eval,non-spatial,Positive,4.546875,5.53125,5.59375,,,,5.578125
eb8a27e1fc9506a0.jpg,police officers,antique black car,looking at,1,eval,non-spatial,Opposite,0.0,5.656249940395355,5.656249940395355,0.0,4.46875,4.46875,5.359375
ec54e8eb3ba51fd9.jpg,boys,hats,wearing,0,calib,non-spatial,Positive,2.90625,0.515625,8.03125,2.5781250596046448,1.234375,3.6406250596046448,6.28125
c7803107deac5ad4.jpg,person,plate of food,holding,0,calib,non-spatial,Positive,0.59375,1.859375,1.640625,2.40625,1.984375,2.875,2.9375
3d0632f06eb870d1.jpg,people,bean bags,playing,0,calib,non-spatial,Opposite,2.09375,2.203125,4.015625,2.375,1.171875,5.265625,5.75
60d266d03b2ea416.jpg,people,table,eating,0,calib,non-spatial,Opposite,-0.90625,3.96875,3.03125,0.453125,0.859375,0.953125,2.90625
d72dd8e6f1493ac1.jpg,shark,water,swimming,1,eval,non-spatial,Positive,2.6875,3.859375,3.921875,,,,2.859375
f6348d5f1f9494b4.jpg,man,blue antique car,looking at,1,eval,non-spatial,Positive,0.125,3.109375,3.03125,0.0,4.796875059604645,4.703125,5.265625
ac36d564ad0b93e1.jpg,woman,blue outfit,wearing,1,eval,non-spatial,Positive,4.765625,4.90625,4.75,3.390625,3.6875,3.375,4.796875
9bed0e9513710c7b.jpg,man,saxophone,holding,1,calib,non-spatial,Opposite,1.84375,1.125,1.703125,0.21875,0.15625,0.125,0.40625
295a7f2d76bcccb2.jpg,girl,horse,riding,1,eval,non-spatial,Opposite,-0.5468749403953552,-0.10937494039535522,-1.9062499403953552,1.5937500596046448,0.5625000596046448,0.90625,0.9062500596046448
1be0a6a7ac54abe7.jpg,person,cello,playing,1,eval,non-spatial,Positive,7.484375,0.5,7.25,5.640625,2.0,5.234375,4.734375
d8719e9ba942ab84.jpg,giraffe,small tree,eating,1,calib,non-spatial,Positive,3.03125,2.875,3.15625,1.9531248807907104,1.953125,2.0,3.09375
1d6787c750b6a6b1.jpg,whale shark,other fish,swimming,1,eval,non-spatial,Positive,-0.203125,-1.1920928955078125e-07,-0.359375,,,,1.90625
c7133cc36acc887d.jpg,girl,heart-shaped gem,wearing,0,eval,non-spatial,Opposite,2.015625,2.015625,2.0,1.4531251192092896,1.4531251192092896,1.234375,4.21875
4dea4e5cd46ba41d.jpg,beekeeper,honeycomb,holding,0,calib,non-spatial,Opposite,0.390625,2.7343751192092896,3.765625,0.140625,0.78125,0.8125,4.640625
c4e8395425f49d05.jpg,man,bike,riding,0,calib,non-spatial,Random,0.5625,1.375,2.6093750596046448,2.703125,1.015625,2.8125,3.453125
76f8fdd48b7ff734.jpg,person,drums,playing,0,calib,non-spatial,Opposite,0.2968750596046448,1.9531250596046448,0.7812500596046448,1.5781248807907104,2.8281248807907104,1.7343748807907104,0.5937500596046448
f1b2711ca0e0729a.jpg,boy,food,eating,1,eval,non-spatial,Positive,0.90625,-0.140625,0.125,0.921875,0.65625,0.921875,4.90625
7e56e4983ad94787.jpg,jellyfish,underwater,swimming,1,eval,non-spatial,Positive,-0.40625,5.328125,5.25,,,,2.96875
53859c6247a3db01.jpg,man,glasses,wearing,1,eval,non-spatial,Opposite,2.109375,2.28125,2.0625,1.609375,2.5625,1.609375,5.21875
1de38c170bce1b3c.jpg,man and woman,hands,holding,1,eval,non-spatial,Positive,0.859375,0.859375,2.140625,1.0625,1.0625,1.390625,4.640625
663389d2c9d562d8.jpg,man,green motorcycle,riding,1,eval,non-spatial,Opposite,1.375,2.953125,4.749999940395355,3.515625,2.640625,2.9531249403953552,4.125
bb1eb0727b1b8d8e.jpg,man,guitar,playing,1,eval,non-spatial,Positive,0.765625,-0.046875,0.9843751192092896,3.296875,2.453125,3.578125,2.96875
6a6881aefff9ad58.jpg,man,food,eating,1,eval,non-spatial,Positive,2.203125,0.421875,2.1875001192092896,3.703125,1.3125,3.703125,4.03125
626a3711b885a310.jpg,man,goggles,wearing,0,calib,non-spatial,Opposite,-1.6875,0.625,0.34375,-0.78125,-0.6562500596046448,-0.109375,1.6875
3b67f952f62a6389.jpg,person,violin,holding,0,calib,non-spatial,Opposite,3.125,1.5625,3.765625,2.546875,0.5625,3.3593749403953552,4.90625
531e105f0f382294.jpg,girl,zebra,riding,0,calib,non-spatial,Opposite,1.46875,1.375,1.171875,1.7031249403953552,1.734375,1.7499999403953552,0.9375
4a6fbccdd21b9dc3.jpg,person,trombone,playing,0,eval,non-spatial,Opposite,0.015625,0.796875,0.671875,-0.03125,1.453125,1.3593751192092896,-1.171875
c22e29581c0e797e.jpg,man,blue helmet,wearing,1,eval,non-spatial,Opposite,1.734375,2.65625,1.5468748807907104,3.140625,2.8749999403953552,3.125,3.390625
81b9fa22daadac52.jpg,man,drink,holding,1,eval,non-spatial,Positive,4.59375,6.71875,4.53125,3.8593750596046448,3.640625,3.7968749403953552,6.21875
aaf5b5b51d27d3a2.jpg,person,yellow jet ski,riding,1,eval,non-spatial,Opposite,0.01562488079071045,3.1718748807907104,2.4062499403953552,0.9999999403953552,2.09375,1.671875,1.8437498807907104
8a90edff9e8d885e.jpg,woman,accordion,playing,1,calib,non-spatial,Positive,6.640625,6.90625,6.875,3.984375,3.90625,4.015625,4.296875
409f7b5ca2a458c6.jpg,woman,swim cap,wearing,0,eval,non-spatial,Opposite,-0.515625,0.296875,-0.640625,-0.4375,0.265625,0.3593750596046448,3.5625
82e651da7cf386ae.jpg,person,musical instrument,holding,0,calib,non-spatial,Positive,2.5625,0.9375,3.484375,1.7187500596046448,0.28125,2.1250000596046448,5.671875
16aaa6421eaf9905.jpg,man,musical instrument,playing,1,eval,non-spatial,Positive,1.359375,1.765625,3.875,1.1249998807907104,1.4218749403953552,1.359375,4.421875
1e73dd071c85fe3d.jpg,man,helmet,wearing,1,calib,non-spatial,Positive,1.796875,3.34375,1.828125,0.921875,2.34375,0.9531249403953552,3.28125
a65def4ef8c48960.jpg,man,violin,holding,1,calib,non-spatial,Opposite,6.796875,3.875,7.125,5.75,3.5312499403953552,5.984375,5.8125
7c7db17e4e5ddd66.jpg,person,motorcycle,riding,1,calib,non-spatial,Positive,2.96875,5.84375,6.171875,2.65625,2.84375,3.140625,6.84375
3a30bba9227d2d2b.jpg,woman in blue,player in grey,playing,1,eval,non-spatial,Positive,0.09375,0.1875,-0.265625,0.609375,-0.125,-0.125,2.203125
24073df6a9c58c6b.jpg,boy,swim cap,wearing,0,eval,non-spatial,Opposite,0.0,0.0625,1.0,0.296875,-0.28125,1.0625,2.234375
8cf429a0d52fdb0e.jpg,man,ladder,holding,0,calib,non-spatial,Positive,-1.6875,1.3124999403953552,1.21875,-0.578125,1.40625,1.390625,2.1875
d672a62768a6c629.jpg,man,bicycle,riding,0,calib,non-spatial,Opposite,4.078125,2.03125,4.1875,2.4375,1.796875,2.46875,4.1875
f8ca4926b5b4ef8b.jpg,man,drums,playing,1,eval,non-spatial,Positive,2.8125,0.75,1.9687498807907104,3.609375,1.859375,3.015625,3.859375
ecb9d4f10c69569d.jpg,man,jeans,wearing,1,eval,non-spatial,Positive,-2.015625,0.0,-2.015625,-1.0625000596046448,0.0,-1.0625000596046448,-2.203125
2e9721f274303090.jpg,person,bag,holding,1,eval,non-spatial,Positive,3.453125,1.046875,2.203125,4.234375,1.875,3.953125,7.421875
56136a5dd78b5454.jpg,person,bicycle,riding,1,eval,non-spatial,Opposite,5.1875,2.25,6.390625,5.578125,3.5625,5.562500059604645,7.6875
3034bfb0f7cefcb7.jpg,person,necklace,playing,1,eval,non-spatial,Positive,6.0,6.0,6.140625,0.5468749403953552,0.5468749403953552,0.4687500596046448,5.953125
9a716890c5e81744.jpg,woman,black dress,wearing,0,eval,non-spatial,Opposite,3.546875,3.546875,3.59375,4.359375,4.359375,4.4375,3.828125
c43d8e515688b759.jpg,man,camera,holding,0,eval,non-spatial,Opposite,1.015625,-0.15625,1.125,-0.59375,-0.203125,-0.515625,3.953125
a5b2ac4f2041db39.jpg,man,small tricycle,riding,0,eval,non-spatial,Opposite,0.4374999403953552,2.84375,2.703125,-0.14062494039535522,0.21875005960464478,0.453125,1.21875
067e21aeda713b53.jpg,person,violin,playing,1,eval,non-spatial,Positive,3.9687499403953552,0.296875,4.109375,3.21875,2.3906251192092896,3.25,3.796875
1f7c714c88527e6b.jpg,man,shirt,wearing,1,calib,non-spatial,Positive,2.9999999403953552,3.109375,3.1093749403953552,1.921875,1.984375,2.0625000596046448,3.6875
894ea4d95293e3ac.jpg,woman,baby,holding,1,calib,non-spatial,Positive,2.90625,1.703125,2.9375,1.96875,1.328125,1.921875,2.828125
ed2fcee42f94162d.jpg,man,skateboard,riding,1,calib,non-spatial,Positive,1.625,3.3125,4.296875,0.8125,0.875,1.390625,5.640625
1f7c30f0c24fda91.jpg,man,banjo,playing,1,eval,non-spatial,Positive,0.65625,2.828125,3.203125,1.0156251192092896,2.640625,3.234375,1.4375
a6fba3d8e01d2219.jpg,woman,glasses,wearing,0,eval,non-spatial,Opposite,4.078125,4.078125,4.15625,3.40625,3.40625,3.328125,5.609375
34da64f7fecdfa2a.jpg,people,dogs,holding,0,calib,non-spatial,Opposite,0.171875,0.453125,-0.140625,0.90625,0.203125,-0.171875,4.6875
d0ffc5d3a209d1f0.jpg,man,bicycle,riding,0,eval,non-spatial,Opposite,0.234375,1.21875,1.8125,5.843750059604645,5.609375059604645,5.75,1.96875
1f7c30f0c24fda91.jpg,person,guitar,playing,1,eval,non-spatial,Positive,-4.296875,-5.296875,1.140625,0.5625001192092896,-0.328125,1.46875,-1.078125
86463a5a7dcb1a69.jpg,man,cowboy hat,wearing,1,calib,non-spatial,Positive,3.109375,4.1875,3.203125,5.859375,4.390625,5.90625,4.90625
60f414af039ebc6e.jpg,person,fishing rod,holding,1,calib,non-spatial,Positive,1.578125,5.90625,3.046875,2.625,2.40625,3.3281249403953552,5.125
8823286afacc9898.jpg,person,bicycle with two wheels,riding,1,eval,non-spatial,Positive,-0.578125,1.984375,-0.375,1.78125,2.828125,1.515625,1.546875
d199144d2c868f25.jpg,girl,brass instrument,playing,1,eval,non-spatial,Opposite,6.4375,6.453124940395355,7.4687498807907104,6.3125,6.421875,6.84375,5.46875
1f0c0b509013b719.jpg,woman,revealing top,wearing,0,eval,non-spatial,Opposite,2.1875,2.625,2.109375,3.2031250596046448,4.140625,3.1875,4.5625
f6fec6257ff0adca.jpg,easter bunny toy,colorful egg,holding,0,eval,non-spatial,Opposite,7.124999940395355,7.28125,7.328124940395355,4.46875,3.21875,4.5625,6.390625
9c9d7f518c96cad9.jpg,person,horse,riding,0,eval,non-spatial,Opposite,-0.609375,0.5312500596046448,0.421875,-0.20312505960464478,-0.3750000596046448,-0.0625,-0.015625
173eda5586f0dc07.jpg,girl,accordion,playing,1,eval,non-spatial,Positive,6.6249998807907104,5.421875,6.765625,3.96875,4.078125,3.9218750596046448,4.671875
295a7f2d76bcccb2.jpg,man,cowboy hat,wearing,1,eval,non-spatial,Positive,-1.390625,0.84375,-1.359375,1.328125,2.5,1.6875,3.546875
51e462fdaa1bbd48.jpg,man,baseball glove,holding,1,calib,non-spatial,Positive,0.265625,1.671875,1.671875,0.796875,2.1562498807907104,2.1406251192092896,4.96875
2be6ab51b1f3621b.jpg,people,segways,riding,1,eval,non-spatial,Positive,-0.10937494039535522,0.17187505960464478,0.5937500596046448,0.84375,0.4374999403953552,0.421875,0.9687500596046448
4043197c1365a336.jpg,man,ping pong,playing,1,calib,non-spatial,Opposite,3.390625,0.859375,3.390625,2.375,0.6875,2.375,5.515625
1a17241c6f0e6642.jpg,woman,roller skates,wearing,0,eval,non-spatial,Positive,1.578125,0.15625,1.78125,3.7031250596046448,0.171875,3.671875,4.28125
b7a27e5c85498f67.jpg,person,bowling ball,holding,0,calib,non-spatial,Positive,-0.453125,-0.25,-0.8125,-0.2968750596046448,-0.109375,-0.34375,0.234375
8fbab56fe49c05a2.jpg,man,motorcycle,riding,0,calib,non-spatial,Opposite,2.046875,2.734375,2.390625,1.3749999403953552,1.796875,1.765625,5.171875
ed0147f94eaf2efd.jpg,man,short cut lawn,playing,1,eval,non-spatial,Opposite,1.71875,-0.171875,1.375,0.9218748807907104,0.21875,1.359375,2.640625
bc37ccba2857d1e7.jpg,man,headphones,wearing,1,calib,non-spatial,Positive,6.359375059604645,6.1875,6.593750059604645,3.34375,2.5,3.484375,5.859375
9d94d83310780c6f.jpg,woman,racket,holding,1,eval,non-spatial,Positive,2.96875,2.1875,5.3125,4.562500059604645,1.375000238418579,4.515625059604645,6.40625
ce696a0b196b8e36.jpg,person,motorcycle,riding,1,calib,non-spatial,Positive,-2.078125,-6.34375,-1.640625,-0.390625,-0.53125,0.078125,-3.3125
9d79a3329d8a5e44.jpg,dog,tennis ball,playing,1,eval,non-spatial,Positive,5.15625,5.125,5.15625,4.125,3.21875,4.1249998807907104,4.0
f2982de44f9ba275.jpg,batter,baseball glove,wearing,0,calib,non-spatial,Positive,-1.109375,0.546875,2.0937500596046448,-1.2812500596046448,-0.671875,-1.3125000596046448,2.75
0fe12f551f900aca.jpg,medical professionals,medical tools,holding,0,eval,non-spatial,Opposite,0.859375,2.078125,1.25,0.34375,0.28125,0.875,7.0
749d4f4298609255.jpg,man,motorcycle,riding,0,calib,non-spatial,Opposite,0.640625,-0.703125,0.421875,4.4062498807907104,4.53125,4.1718748807907104,3.34375
3034bfb0f7cefcb7.jpg,person,flute,playing,1,eval,non-spatial,Positive,5.9375,5.9375,6.015625,3.84375,3.84375,3.921875,5.09375
582be29db5b1a39d.jpg,woman,fedora,wearing,1,eval,non-spatial,Positive,4.593750059604645,5.171875,4.140624940395355,4.15625,3.84375,3.90625,3.703125
a2ead0b3c35a18bd.jpg,man,microphone,holding,1,calib,non-spatial,Positive,4.312500059604645,3.4375,4.21875,2.1718749403953552,1.8750000596046448,2.1406250596046448,3.390625
83ad1edb154a2106.jpg,child,bicycle,riding,1,eval,non-spatial,Positive,1.265625,3.03125,3.15625,-0.015625,-0.046875,-0.125,2.75
ba9cb8884bf69279.jpg,man,drum,playing,1,eval,non-spatial,Opposite,-0.953125,-0.8125,-0.453125,-0.625,-0.625,-0.015625,2.546875
a0da01a93a6f51bf.jpg,umpire,baseball glove,wearing,0,eval,non-spatial,Opposite,-0.5625,0.25,-0.20312494039535522,0.3281249403953552,-0.15625,0.18750005960464478,0.765625
b053b1f12641af60.jpg,woman,wine glass,holding,0,calib,non-spatial,Positive,-0.3125000596046448,-0.046875059604644775,-0.4687500596046448,-0.015624940395355225,0.0,0.062499940395355225,0.5624999403953552
762a0af3ba694ae9.jpg,people,van,riding,0,calib,non-spatial,Opposite,0.015625,0.75,0.78125,0.015625,0.6875000596046448,0.6875,2.203125
0a3873442ad329c2.jpg,man,piano,playing,1,eval,non-spatial,Positive,6.453125,5.140625,7.390625,4.578125,4.765625,4.625,6.3125
bb38e87f8edff17e.jpg,man,accordion,wearing,1,eval,non-spatial,Positive,4.515625,5.859375,4.5625,1.9218749403953552,1.9843750596046448,1.9843750596046448,3.671875
c7a6a5f2a8f674ce.jpg,man,rugby ball,holding,1,eval,non-spatial,Positive,3.546875,4.53125,3.609375,2.1406249403953552,2.28125,2.25,4.28125
2b2bc6125f83ff18.jpg,person,whale,riding,1,eval,non-spatial,Positive,0.40625,4.921875,2.890625,0.6093749403953552,1.3437499403953552,0.9374999403953552,1.421875
a5659ba44eaf480d.jpg,men,basketball,playing,1,eval,non-spatial,Positive,0.921875,2.8750000596046448,1.796875,0.90625,1.703125,1.296875,3.28125
114d6b81e7b1fa08.jpg,kids,martial arts uniforms,wearing,0,calib,non-spatial,Opposite,0.59375,1.3125,6.015625,1.0625,1.0,4.218749940395355,6.921875
c149c16556ee5d81.jpg,person,wok,holding,0,eval,non-spatial,Positive,0.78125,-0.046875,0.140625,1.0781249403953552,-0.015625,0.359375,3.65625
98dd164dfd089339.jpg,man,unicycle,riding,0,calib,non-spatial,Positive,-0.015625,-0.3437500596046448,0.28125,0.28125,0.71875,1.171875,0.515625
1e9c75745b953123.jpg,man,trumpet,playing,1,calib,non-spatial,Positive,4.46875,4.375000059604645,4.25,4.0468751192092896,3.546875,3.890625,4.109375
2f8519bef8ae1be2.jpg,man,helmet,wearing,1,calib,non-spatial,Positive,2.2656249403953552,3.34375,2.21875,3.2187499403953552,3.40625,3.21875,2.96875
75af61ac171379a9.jpg,man,paddle,holding,1,calib,non-spatial,Positive,1.453125,0.125,1.4375,2.59375,2.3125,2.578125,2.8125
61b9f3a4db94791b.jpg,man,motorized scooter,riding,1,eval,non-spatial,Positive,-0.5,-0.046875,2.609375,4.374999940395355,3.5937501192092896,4.421875,2.828125
3cf84110ea52ff43.jpg,men,trombones,playing,1,calib,non-spatial,Opposite,-0.234375,-0.078125,0.0,1.21875,1.59375,1.734375,2.390625
93b24942ce3d7bad.jpg,child,swimsuit,wearing,0,calib,non-spatial,Opposite,-2.5,-0.015625,-2.625,-1.1249999403953552,-0.10937494039535522,-1.8593749403953552,2.453125
2c209664cc9be9e6.jpg,man,woman,holding,0,eval,non-spatial,Random,-0.34375,0.6875,-0.078125,0.7968750596046448,0.84375,0.7968749403953552,1.21875
bf646c5c90dea12c.jpg,woman,bicycle,riding,0,calib,non-spatial,Positive,-0.421875,0.625,0.1875,1.125,0.90625,0.75,3.4375
a75bd3ec4cd51c51.jpg,man,accordion,playing,1,calib,non-spatial,Positive,3.296875,4.0625,3.390625,3.328125,3.53125,2.96875,4.515625
c7133cc36acc887d.jpg,woman,tiara,wearing,1,eval,non-spatial,Positive,4.265625,4.265625,4.296874940395355,3.203125,3.203125,3.2343750596046448,3.625
651488dd9316c839.jpg,boy,weapon,holding,1,calib,non-spatial,Positive,1.828125,3.765625,5.921875059604645,3.109375,2.8125,3.4062499403953552,5.625
b4cb9fc067c1eb00.jpg,man,wave,riding,1,eval,non-spatial,Opposite,0.828125,3.21875,2.859375,1.703125,4.15625,4.015625,5.515625
86fa28d162ee13dc.jpg,man,guitar,playing,1,eval,non-spatial,Positive,6.1875,5.296875,6.8125001192092896,5.890625,6.25,6.25,4.984375
af1efe94dd9f3cfa.jpg,woman,straw hat,wearing,0,eval,non-spatial,Positive,0.6406251192092896,-3.296875,-0.5156250596046448,1.1874999403953552,-1.6406250596046448,1.265625,-1.234375
3244bcda9de87cdf.jpg,large toy box,cardboard house,holding,0,eval,non-spatial,Opposite,2.421875,2.421875,2.2656249403953552,1.390625,1.390625,1.2968749403953552,1.34375
662bf0ac81e57758.jpg,person,horse,riding,0,eval,non-spatial,Positive,0.0,1.3125,1.3125,0.0,1.3125000596046448,1.3125000596046448,0.796875
91ef144b7c8bba2f.jpg,men,guitar,playing,1,calib,non-spatial,Positive,1.1562498807907104,0.28125,1.296875,1.015625,0.625,1.1875,2.984375
f5288d905c37663c.jpg,person,trash can,wearing,1,calib,non-spatial,Opposite,3.2812499403953552,-0.25,2.671875,0.890625,0.265625,1.046875,3.765625
a5b2ac4f2041db39.jpg,person,three-wheeled vehicle,holding,1,eval,non-spatial,Positive,1.734375,4.703125,6.015625,0.53125,1.296875,1.6250000596046448,4.640625
66fb599a59a53707.jpg,person,antique car,riding,1,eval,non-spatial,Opposite,3.3749999403953552,4.125,4.1875,3.046875,3.21875,3.234375,4.03125
90d47269222ec0ab.jpg,person,piano,playing,1,calib,non-spatial,Positive,7.03125,6.65625,7.234375,4.140625,4.109375,4.15625,5.46875
d5d1952f2fce9ab6.jpg,woman,hat,wearing,0,calib,non-spatial,Opposite,-1.296875,-0.15625,-1.359375,0.21875,0.140625,0.234375,-2.609375
118cd0d11952fb69.jpg,man,guitar,holding,0,calib,non-spatial,Positive,-0.515625,-0.39062511920928955,-0.515625,-0.9531249403953552,-0.8593749403953552,-0.8749999403953552,1.546875
83ad1edb154a2106.jpg,man,bicycle,riding,0,eval,non-spatial,Random,0.328125,0.0,0.15625,-0.484375,-0.765625,-0.609375,-1.28125
8b50bca740622ce6.jpg,woman,harp,playing,1,calib,non-spatial,Positive,-0.515625,2.296875,2.3437500596046448,1.328125,2.0624999403953552,2.625,1.921875
4f7930bdc1214e9e.jpg,woman,wedding dress,wearing,1,calib,non-spatial,Positive,2.75,1.75,3.734375,3.3593750596046448,4.046875,3.578125,7.125
086224b8c3266d3e.jpg,person,wok,holding,1,eval,non-spatial,Positive,0.375,2.296875,2.296875,0.15625,1.96875,1.875,1.796875
7c1d922420d9ae86.jpg,person,bicycle,riding,1,eval,non-spatial,Positive,3.796875,1.859375,3.046875,2.390625,1.140625,1.78125,6.484375
200907829e4fbe95.jpg,man,guitar,playing,1,eval,non-spatial,Positive,3.6875,3.40625,3.796875,2.546875,3.25,3.390625,4.03125
25ce96bd10afe1b0.jpg,people,red glasses,wearing,0,eval,non-spatial,Opposite,-1.921875,0.25,-0.359375,1.4375,1.109375,2.0625,1.375
66147ef0d4be0638.jpg,man,model boat,holding,0,eval,non-spatial,Positive,0.453125,0.5625,0.59375,0.09375,0.203125,0.359375,3.265625
5fa0491945756036.jpg,woman,horse,riding,0,eval,non-spatial,Positive,-1.296875,1.09375,1.03125,-0.3437499403953552,-0.09374994039535522,-0.031249940395355225,-0.171875
cfe604ed92fd4229.jpg,man,musical instrument,playing,1,calib,non-spatial,Positive,9.625,3.46875,8.984375,6.90625,3.296875,6.78125,7.921875
8892e718f9108db9.jpg,man,hat,wearing,1,eval,non-spatial,Positive,6.000000059604645,1.171875,5.671875,6.140625059604645,3.3437501192092896,6.09375,5.375
96dd97e7202ab34e.jpg,man,little girl,holding,1,eval,non-spatial,Positive,0.921875,1.40625,0.6875,1.34375,1.46875,1.296875,2.3125
bb0a84b613a098f0.jpg,man,horse,riding,1,calib,non-spatial,Random,-1.6249999403953552,-1.4687499403953552,-1.6249999403953552,0.34375,1.6406250596046448,0.265625,0.4062500596046448
62f5b3b114f74ea8.jpg,woman,harp,playing,1,calib,non-spatial,Positive,3.46875,7.4375,5.000000059604645,2.78125,4.484375,3.2656250596046448,4.375
7cf856f5398d8138.jpg,woman,skull,wearing,0,eval,non-spatial,Opposite,-0.1875,0.0,-0.09375,-0.14062494039535522,-0.10937494039535522,-0.09374994039535522,0.890625
84af25555f7c818b.jpg,person,side of the boat,holding,0,eval,non-spatial,Opposite,2.5,2.5,2.578125,1.515625,1.515625,1.5937500596046448,4.640625
ed39ece290eabd5d.jpg,person,track,riding,1,eval,non-spatial,Positive,-0.390625,-0.828125,1.25,3.890625,3.5625,5.4375,4.5625
800d5e751f4adeb1.jpg,man,accordion,playing,1,calib,non-spatial,Positive,6.25,6.90625,6.546875,4.5625,4.546875,4.765625,3.953125
421a93da4e4152f3.jpg,man,ball cap,wearing,1,eval,non-spatial,Random,3.46875,4.296875,3.46875,3.859375,3.0156248807907104,3.828125,4.78125
0430797dd00cd443.jpg,person,bowling ball,holding,1,calib,non-spatial,Positive,0.9375,0.53125,1.15625,2.09375,0.0,2.0625,1.546875
4125df3dbe46a6af.jpg,person,motorcycle,riding,1,eval,non-spatial,Positive,6.281250059604645,5.125,7.25,5.671875,4.2187498807907104,5.375,6.90625
6cee5cf8a3a9c090.jpg,person,piano,playing,1,calib,non-spatial,Positive,6.765625,9.125,9.015625,4.859375,5.625,5.5625,6.984375
2a5afcdc389ddca3.jpg,person,backpack,wearing,0,calib,non-spatial,Opposite,0.234375,0.328125,0.421875,-0.109375,-1.3125,-1.5,6.4375
af7c6395e7fdbeb5.jpg,man,drink,holding,0,eval,non-spatial,Opposite,-0.203125,-0.53125,-1.125,0.203125,0.0,0.3125,2.984375
0690bd5e0f95ddab.jpg,man,jet ski,riding,1,eval,non-spatial,Positive,-1.03125,-1.171875,-1.1875,0.10937505960464478,-0.671875,-0.625,2.171875
737e7c74b773fa33.jpg,man,roller hockey,playing,1,calib,non-spatial,Opposite,2.96875,1.3125,4.21875,1.4375001192092896,1.40625,2.125,2.71875
fb606f3170d6e48e.jpg,woman,blue jacket,wearing,1,eval,non-spatial,Positive,4.281250059604645,4.281250059604645,4.21875,5.375,5.375,5.359375,4.84375
e7e921cb531a874a.jpg,person,rifle,holding,1,calib,non-spatial,Positive,-0.453125,-0.0625,0.09375,-0.25,0.21875,0.296875,4.234375
94c53be316c9a02e.jpg,man,skateboard,riding,1,calib,non-spatial,Positive,6.984375,1.6875,6.96875,2.171875,1.171875,2.1875,5.546875
5dd747ff8c8178a6.jpg,boy,harp,playing,1,eval,non-spatial,Positive,1.09375,4.828125,4.1562498807907104,1.0,1.875,1.6875,2.171875
c10540cd4f062e0c.jpg,woman,black shirt,wearing,0,eval,non-spatial,Opposite,3.796875,3.796875,3.9375,2.8281249403953552,2.8281249403953552,2.9531250596046448,3.9375
bce4712aedb6eb6b.jpg,person,fish,holding,0,calib,non-spatial,Positive,-0.46875,-0.25,-0.9375000596046448,0.109375,-0.21875,-0.0625,-1.484375
437c6697e0af46b6.jpg,man,dirt bike,riding,1,eval,non-spatial,Opposite,-1.421875,-1.109375,3.1875,5.374999940395355,4.625,5.921875,3.1875
1cd308dd54d1fd90.jpg,man,accordion,playing,1,eval,non-spatial,Positive,6.062499940395355,6.203125,6.015625,3.21875,3.140625,3.3125,5.140625
be67e17ec45f009e.jpg,man,suit,wearing,1,eval,non-spatial,Positive,4.28125,4.578125,4.9375,3.921875,3.8749999403953552,4.406249940395355,4.625
1a08289e9fcda126.jpg,man,mobile phone,holding,1,eval,non-spatial,Positive,2.703125,6.03125,8.46875,2.328125,2.78125,4.34375,7.71875
421a93da4e4152f3.jpg,man,horse,riding,1,eval,non-spatial,Positive,1.015625,5.703125,4.53125,2.0468750596046448,2.34375,2.6093750596046448,4.546875
3e33859ab2167cd4.jpg,person,piano,playing,1,eval,non-spatial,Positive,0.6875,1.625,1.859375,4.984375,6.265625,6.265624940395355,2.59375
c0b0133682bf5fb2.jpg,man,montreal canadians jersey,wearing,0,eval,non-spatial,Opposite,0.5,4.375,4.234375,2.1875,4.6562498807907104,4.6250001192092896,3.171875
8adaad8fefce4d9b.jpg,man,microphone,holding,0,eval,non-spatial,Opposite,-0.046875,-1.78125,-2.374999761581421,0.8750000596046448,-1.2187499403953552,-0.7812500596046448,1.609375
a8c01f09da2657bd.jpg,person,three-wheeled wheelchair,riding,1,calib,non-spatial,Opposite,0.0625,3.8125,3.296875,1.4374998807907104,2.828125,2.4062500596046448,2.734375
51da239e2fc5d489.jpg,person,keyboard,playing,1,eval,non-spatial,Positive,2.828125,0.90625,2.796875,4.3125,3.40625,4.9531251192092896,2.6875
50f99527c1738ca2.jpg,man,striped shirt,wearing,1,calib,non-spatial,Positive,2.796875,3.09375,2.25,4.015625059604645,3.46875,3.71875,3.296875
f24ca937211d91af.jpg,person,hamburger,holding,1,eval,non-spatial,Positive,2.046875,3.40625,5.40625,1.828125,3.546875,4.59375,6.578125
344a9140fb86e57d.jpg,woman,horse,riding,1,eval,non-spatial,Opposite,2.28125,0.140625,0.609375,1.2343749403953552,-0.203125,-0.015625,1.515625
c38ff84151e26deb.jpg,woman wearing black clothes,harp,playing,1,eval,non-spatial,Positive,1.515625,4.5625,4.65625,1.9375000596046448,2.859375,3.3125,4.203125
7588a6de389ac33a.jpg,caterpillar,top hat,wearing,0,eval,non-spatial,Opposite,2.859375,3.984375,3.75,0.40625,0.859375,0.359375,4.5625
148aa1f69209814f.jpg,man,soccer ball,holding,0,eval,non-spatial,Opposite,2.515625,0.59375,2.25,1.6249998807907104,0.9999999403953552,1.4843749403953552,3.234375
395939397d472c3b.jpg,woman,horse,riding,1,calib,non-spatial,Positive,1.484375,0.625,2.875,1.5937500596046448,0.7031249403953552,1.9531250596046448,2.921875
116557a2d9bc5e70.jpg,man,tennis,playing,1,eval,non-spatial,Positive,5.484375,5.8125,5.6875,3.375000238418579,3.421875238418579,2.953125238418579,8.09375
663389d2c9d562d8.jpg,man,helmet,wearing,1,eval,non-spatial,Positive,0.71875,2.375,0.734375,1.9062500596046448,2.484375,1.875,0.875
bb1eb0727b1b8d8e.jpg,man,guitar,holding,1,eval,non-spatial,Positive,1.546875,0.296875,1.828125,4.0625,2.671875,4.265625,2.1875
a202156cdcee0cb1.jpg,people,gondola,riding,1,calib,non-spatial,Opposite,0.703125,0.40625,1.875,1.65625,1.0,2.359375,3.703125
54d94faa73c0a680.jpg,boy,yellow ball,playing,1,calib,non-spatial,Positive,3.1875,1.3125,3.140625,3.234375,1.90625,3.234375,5.421875
dd8a7bf210628fd7.jpg,woman,glasses,wearing,0,eval,non-spatial,Opposite,4.84375,0.421875,6.890625,4.234375,-1.96875,3.7187500596046448,6.3125
c4d079292d390271.jpg,person,skateboard,holding,0,calib,non-spatial,Positive,1.09375,0.03125,1.4375,0.06250005960464478,-0.546875,0.10937494039535522,3.734375
a0b8948a5a669d86.jpg,person,blue bicycle,riding,1,calib,non-spatial,Opposite,4.3906248807907104,3.21875,5.03125,5.453125,3.953125,5.03125,6.25
402dd57d3615b9f7.jpg,person,harp,playing,1,calib,non-spatial,Positive,0.796875,5.921875,5.96875,2.953125,4.4375,4.4375,3.21875
9a3d8225ac30a8eb.jpg,man,helmet,wearing,1,calib,non-spatial,Positive,3.8437499403953552,4.84375,3.828125,1.6093750596046448,1.984375,1.5937499403953552,4.734375
f15a6e4c696003f7.jpg,person,dog,holding,1,eval,non-spatial,Positive,7.6875,4.0625,7.671875,3.3906250596046448,1.2187501192092896,3.375,5.78125
a284f227c612b0c8.jpg,man,motorcycle,riding,1,eval,non-spatial,Opposite,-5.7187501192092896,-4.96875,-3.421875,-1.0781249403953552,-3.109375,-1.4375,-3.84375
558e151c3fbc1ba3.jpg,woman,one piece uniform,wearing,0,eval,non-spatial,Opposite,2.625,1.2968751192092896,2.53125,3.765625,2.2343751192092896,3.703125,3.140625
22a5848e375335e3.jpg,clown statue,hands,holding,0,calib,non-spatial,Opposite,1.328125,1.328125,1.9375,0.0625,0.0625,0.046875059604644775,3.84375
6022a450df278025.jpg,man,white bicycle,riding,1,calib,non-spatial,Opposite,3.625,1.890625,5.0625,4.546875,2.921875,4.828125,4.0625
66a8d1c74ad49ea1.jpg,man,hat,wearing,1,calib,non-spatial,Positive,1.625,0.0,1.625,2.75,0.0,2.75,-0.046875
1a00561698778497.jpg,person,book,holding,1,eval,non-spatial,Opposite,3.5,2.78125,3.53125,2.9843750596046448,1.9687501192092896,3.0156249403953552,4.5625
aac405248e9b7c8b.jpg,lifeguard,jet ski,riding,1,calib,non-spatial,Opposite,-0.515625,2.171875,1.5,1.96875,2.703125,2.921875,1.1875
1ced3ecaa077f2e4.jpg,person,swim cap,wearing,0,calib,non-spatial,Positive,0.46875,0.0,0.46875,1.703125,0.0,1.703125,3.546875
30a50c305d4fcd41.jpg,woman,musical note chart,holding,0,eval,non-spatial,Opposite,-0.984375,1.3125000596046448,0.984375,-0.5,0.23437494039535522,-0.4375,0.59375
26192da5ce2afa62.jpg,man,bike,riding,1,calib,non-spatial,Positive,-0.9375,0.71875,-2.546875,0.5000000596046448,0.23437505960464478,-0.6093749403953552,0.15625
122804d032b58390.jpg,man,helmet,wearing,1,eval,non-spatial,Positive,3.71875,5.03125,3.7968750596046448,2.7031249403953552,3.5937500596046448,2.71875,4.4375
71631731c0d63e45.jpg,person,mobile phone,holding,1,calib,non-spatial,Opposite,4.375,0.515625,4.078125,3.90625,0.859375,3.7968749403953552,4.234375
a8c01f09da2657bd.jpg,man,bicycle,riding,1,calib,non-spatial,Positive,-0.921875,-0.546875,-0.90625,-0.9375000596046448,-1.328125,-1.90625,1.234375
b22b89073480191e.jpg,girl,trousers,wearing,0,eval,non-spatial,Opposite,-2.484375,1.3125,-1.640625,-1.671875,1.984375,-0.046875,2.90625
f56ca856f3594aef.jpg,man,cup,holding,0,eval,non-spatial,Opposite,2.640625,2.640625,2.625,0.78125,0.78125,0.859375,2.3125
4f3ea0b2bc75000c.jpg,man,roller skates,riding,1,eval,non-spatial,Opposite,3.515625,3.046875,3.484375,3.34375,1.90625,3.328125,3.109375
8302f7352b501bc4.jpg,woman,high heels,wearing,1,eval,non-spatial,Opposite,1.515625,0.546875,1.5,3.828125,1.734375,3.796875,4.109375
bde0112066be318e.jpg,man,black vehicle,holding,1,calib,non-spatial,Positive,3.0,4.984375,5.21875,1.9687499403953552,2.2031250596046448,2.3749999403953552,4.390625
5b42b58ab16c05c0.jpg,person,skateboard,riding,1,eval,non-spatial,Positive,5.640625,1.8125,5.125000059604645,2.65625,2.9062499403953552,2.71875,5.71875
5df386da132b567b.jpg,woman in the blue jacket,helmet,wearing,0,calib,non-spatial,Opposite,-1.984375,1.0,0.01562511920928955,1.875,0.703125,1.15625,1.828125
200907829e4fbe95.jpg,person,microphone,holding,0,eval,non-spatial,Opposite,3.296875,2.046875,3.28125,2.0,0.5625,2.0625,4.203125
ab46f7ec075d89ae.jpg,boy,tricycle,riding,1,eval,non-spatial,Positive,1.46875,3.09375,6.609375,3.1875,2.515625,3.6718750596046448,4.21875
e27e575c922e7525.jpg,doll,necklace,wearing,1,eval,non-spatial,Positive,6.71875,5.546875,6.546875,3.453125,2.4218749403953552,3.34375,5.578125
809d426b0ed06d55.jpg,man,american flag,holding,1,eval,non-spatial,Positive,0.765625,0.90625,1.328125,2.1093750596046448,0.17187488079071045,2.25,2.78125
115bec3d6d7f09f2.jpg,woman,blue bicycle,riding,1,eval,non-spatial,Positive,2.859375,6.687500059604645,6.359374940395355,3.078125,3.515625,3.546875,5.828125
c12a4117fe6910fc.jpg,man,scuba apparatus,wearing,0,calib,non-spatial,Random,1.2343749403953552,1.0625,1.6562500596046448,0.7656249403953552,0.0625,1.09375,2.171875
021fffa3d66f9b77.jpg,two men,woman,holding,0,eval,non-spatial,Opposite,-1.40625,4.515625,2.859375,-0.15625,2.3750000596046448,1.5937500596046448,2.9375
d2d5e5cc2b420898.jpg,person,segway,riding,1,eval,non-spatial,Opposite,-0.359375,2.0468748807907104,2.046875,0.5,0.3593750596046448,0.46875,0.078125
733abfb024695849.jpg,man,blue shirt,wearing,1,calib,non-spatial,Positive,1.90625,3.140625,2.015625,6.140625,5.453125,5.515625,4.171875
ecbfd9984a9c4f94.jpg,person,handlebar,holding,1,calib,non-spatial,Opposite,-1.5312500596046448,-0.6562500596046448,-2.1250000596046448,1.28125,0.875,0.8125,0.7968749403953552
6f722f46dd08b8d8.jpg,man,bicycle,riding,1,eval,non-spatial,Opposite,6.9375,0.0,6.9375,3.890625238418579,0.0,3.890625238418579,5.78125
3220be9141f2d703.jpg,children,orange lifesavers,wearing,0,calib,non-spatial,Opposite,0.375,2.8125,5.625,0.90625,0.90625,2.640625,4.1875
ccbbb3175f571466.jpg,man,glass of wine,holding,0,calib,non-spatial,Opposite,2.453125,-0.21875,3.75,3.59375,-0.421875,3.6093750596046448,5.125
6280218c3acff468.jpg,knife,cantaloupe,next to,1,eval,spatial,Positive,2.859375,1.328125,3.25,3.3593750596046448,0.640625,3.59375,4.203125
2b88a2127cfb1aaf.jpg,brown moth,large green leaf,sitting on,1,eval,spatial,Positive,2.484375,3.9375,4.09375,1.96875,2.3749999403953552,2.4374999403953552,3.859375
3c14d0bf2ce0fc43.jpg,bird,snow,standing on,1,eval,spatial,Positive,1.34375,3.03125,3.265625,1.1875,2.109375,2.15625,2.359375
4b73b48c7858ae18.jpg,studio couch,large table,near,1,eval,spatial,Positive,1.421875,1.125,1.5625,1.953125,1.5625,2.171875,4.0625
1f5cf6e96f0e0690.jpg,computer,screen,in front of,1,eval,spatial,Positive,-0.046875,-0.09375,-5.960464477539063e-08,-0.609375,-0.65625,-0.703125,0.5625
7596194352869e89.jpg,van,street,on,1,eval,spatial,Positive,1.109375,1.109375,1.375,0.03125,0.03125,0.0625,4.953125
12429c1a9d340911.jpg,black suv,flowers,behind,1,eval,spatial,Positive,1.1875,1.1875,1.40625,3.578125,3.578125,3.75,4.03125
6ebc35666d60f5e2.jpg,white lily,green wet plants,on top of,1,eval,spatial,Positive,0.890625,0.890625,1.0625,2.15625,2.15625,2.234375,4.0
805d2f6bfb4f5cba.jpg,sink,mirror,under,1,calib,spatial,Positive,0.0625,1.8125,2.015625,-0.140625,0.2968749403953552,0.21875,3.484375
8da3d7c3edb36065.jpg,wine rack,microwave oven,above,1,eval,spatial,Opposite,4.09375,0.40625,2.921875,3.3593749403953552,0.640625,2.65625,5.28125
8d1e53413cd9c13f.jpg,traffic sign,traffic light,below,1,eval,spatial,Opposite,0.5625,0.90625,0.453125,-0.17187505960464478,0.7343749403953552,0.2656249403953552,1.703125
3264cb227a07af3f.jpg,man,skateboard,next to,0,eval,spatial,Opposite,-4.390625,-1.0625,-1.953125,3.578125,4.421875,4.46875,-1.6875
0e2b08b1b733add7.jpg,man on the street,unusual bicycle,sitting on,0,eval,spatial,Opposite,1.578125,4.109375,3.34375,2.109375,3.609375,3.484375,6.4375
e6a6d650481599ba.jpg,man,rink,standing on,0,calib,spatial,Random,-3.4531249403953552,-2.5781249403953552,-3.2499999403953552,-0.25,-0.109375,-0.7187499403953552,-0.9374999403953552
1be63da150641ede.jpg,snowman,woods,near,0,eval,spatial,Opposite,0.5,1.15625,2.203125,0.015625,1.625,2.890625,4.71875
e9b6333284bec5b5.jpg,dog,rifle,in front of,0,calib,spatial,Positive,2.53125,3.4375,2.515625,2.125,1.078125,0.953125,2.03125
bd12ea92bcab1afd.jpg,black suv,black car,on,0,eval,spatial,Opposite,0.17187511920928955,0.17187511920928955,0.12500011920928955,-0.109375,-0.109375,-0.140625,1.8437501192092896
a96f938d1ed1fdc5.jpg,man,trees,behind,0,eval,spatial,Opposite,0.109375,0.9375,0.0625,0.078125,0.390625,-0.15625,-0.296875
a62462153630add0.jpg,owl,red suitcase,on top of,0,eval,spatial,Opposite,1.15625,0.265625,1.859375,1.046875,0.59375,1.34375,5.203125
b6f26c9d7c6667c5.jpg,bed,lamp,under,0,eval,spatial,Positive,0.34375,-0.03125,0.34375,2.421875,0.65625,2.421875,0.375
940e0e3d0364232a.jpg,airplane,flag,above,1,eval,spatial,Positive,3.53125,0.171875,2.703125,2.1406249403953552,0.34375,1.7187499403953552,2.96875
ab5671e8a5e8979d.jpg,man,cello,next to,1,eval,spatial,Opposite,0.45312488079071045,1.078125,3.0625,0.390625,1.828125,2.578125,2.25
226062876db3962b.jpg,bee,purple flower,sitting on,1,eval,spatial,Positive,0.8125,1.0,1.21875,1.921875,1.390625,2.296875,2.890625
48abd1db27d7de96.jpg,woman,balance beam,standing on,1,eval,spatial,Opposite,1.5468750596046448,0.0,1.5468750596046448,2.4218749403953552,0.0,2.4218749403953552,2.25
57711acbb13dc757.jpg,cow,fence,near,1,calib,spatial,Positive,3.625,2.4375,3.90625,3.90625,3.53125,4.265625,4.65625
af7c6395e7fdbeb5.jpg,beer glass,people,in front of,1,eval,spatial,Positive,1.515625,0.859375,2.203125,1.46875,-0.21875,1.1093750596046448,3.578125
3a1311935103446d.jpg,car,sidewalk,on,1,eval,spatial,Opposite,1.4375,1.859375,0.625,0.5625,0.296875,-0.421875,3.046875
d0ae7b86f30a2f57.jpg,ostrich,fence,behind,1,calib,spatial,Positive,1.359375,0.875,1.6249999403953552,1.328125,1.34375,1.34375,2.421875
fc82096621a3bf96.jpg,sugar coated baked good,white plate,on top of,1,calib,spatial,Positive,1.78125,0.796875,2.15625,0.65625,1.328125,2.4375,6.890625
2f666bfe74564b04.jpg,sewing machine,lamp,under,1,calib,spatial,Positive,1.71875,1.71875,1.625,1.1718749403953552,1.1718749403953552,1.1093748807907104,3.75
cd1b5b442c1f0274.jpg,bee,purple flowers,above,1,calib,spatial,Positive,3.234375,0.625,2.875,1.875,0.39062511920928955,1.7343750596046448,3.25
0032257bf3cd56d0.jpg,elephant,tree,next to,0,eval,spatial,Opposite,1.609375,-0.40625,1.4531248807907104,5.5624998807907104,0.1875,5.5312498807907104,3.40625
7e397995fc766ac5.jpg,fairy,log,sitting on,0,eval,spatial,Positive,-0.5624998807907104,0.32812511920928955,-0.42187488079071045,0.765625,0.1875,0.46875,1.9687501192092896
6e58d8b2c269091b.jpg,gray parrot,bookcase,standing on,0,eval,spatial,Opposite,-0.71875,-0.71875,-0.8125,0.8906250596046448,0.8906250596046448,0.9843750596046448,-1.03125
12429c1a9d340911.jpg,luxury suv,meter,near,0,eval,spatial,Opposite,3.140625,3.140625,3.078125,3.625,3.625,3.546875,5.765625
0fa22c0df9c6f3c6.jpg,man,taj mahal,in front of,0,eval,spatial,Opposite,0.890625,2.2812499403953552,2.28125,0.20312488079071045,1.3124998807907104,1.6406248807907104,3.265625
1db3793d7c84faa1.jpg,stretch limo,wet street,on,0,eval,spatial,Opposite,4.953125,4.953125,4.828125,2.546875,2.546875,2.5,5.75
7092b10448a58362.jpg,red car,other cars,behind,0,calib,spatial,Opposite,-0.609375,0.0625,-0.640625,-0.453125,0.203125,-0.3124999403953552,1.828125
ac5cb1e70666bd27.jpg,rifle with a scope,purple tripod,on top of,0,eval,spatial,Opposite,2.96875,2.96875,3.0,3.921875,3.921875,3.9375000596046448,5.25
a7b31e5f2ca9a02f.jpg,child,cushion fort,under,1,calib,spatial,Positive,3.09375,5.21875,5.28125,1.53125,2.515625,2.5468749403953552,4.625
9ba56debc7e20d8c.jpg,blue curtain,table,above,1,eval,spatial,Positive,4.71875,2.328125,4.609375,2.5625,2.015625,2.6875,4.5625
41daff74d5f52e69.jpg,white sports car,red car,next to,1,calib,spatial,Positive,6.3125,0.96875,6.3125,4.578125,1.3281251192092896,4.53125,3.875
389585c0cae5748d.jpg,dog,bench,sitting on,1,calib,spatial,Positive,3.7343750596046448,2.46875,2.453125,1.7031248807907104,1.2031249403953552,1.1249999403953552,2.796875
f7f83ef0ae3406b2.jpg,woman,surfboard,standing on,1,eval,spatial,Positive,0.984375,1.265625,1.890625,1.15625,0.78125,1.15625,2.984375
40e3252f39eee5d3.jpg,sink,window,near,1,eval,spatial,Positive,0.578125,1.984375,2.03125,0.609375,1.34375,1.921875,6.28125
0485fd5533a9a837.jpg,kangaroo,bushes,in front of,1,calib,spatial,Positive,3.734375,4.171874940395355,3.71875,2.8125,2.90625,2.640625,3.40625
49595029959689b7.jpg,vehicle,road,on,1,calib,spatial,Positive,0.984375,0.96875,0.9375,0.25,0.23437505960464478,0.09375,3.828125
cecebfac91ae2c38.jpg,man,counter,behind,1,eval,spatial,Opposite,-0.4375,0.0625,-1.125,1.0937500596046448,0.609375,0.84375,1.5625
c8a4a228c9df91ef.jpg,man,mountain,on top of,1,eval,spatial,Positive,1.703125,5.484375,5.53125,0.6406250596046448,0.7500000596046448,0.765625,5.21875
28bd6c6b1050e055.jpg,cat,front tire of the black car,under,1,calib,spatial,Positive,3.875,2.59375,4.109375,0.890625,0.8437499403953552,1.015625,2.515625
7466e622ed878695.jpg,deer,rocks,next to,0,eval,spatial,Opposite,0.96875,-0.03125,0.9375,3.03125,0.578125,3.015625,2.328125
9861f8093290fb60.jpg,woman,blue mat,sitting on,0,eval,spatial,Opposite,1.015625,1.015625,1.046875,0.265625,0.265625,0.3125,1.90625
a8c4da25c90c4245.jpg,girl,beach,standing on,0,eval,spatial,Opposite,-5.015625,-0.875,-5.0625,-0.34375,-0.328125,-0.3125,-2.671875
0b4739147c335514.jpg,tower,body of water,near,0,eval,spatial,Opposite,-0.734375,-0.734375,-0.9062499403953552,0.515625,0.515625,1.0625,-0.125
46b1e160e19f7080.jpg,couple,wood paneled wall,in front of,0,eval,spatial,Opposite.,2.453125,4.2187498807907104,4.28125,4.03125,4.015625,4.359375,2.34375
37c4fa2b815c0b00.jpg,black old-fashioned car,street,on,0,calib,spatial,Opposite,1.1875,1.1875,1.171875,0.7031249403953552,0.7031249403953552,0.6875,3.890625
ce97f7bc90e97109.jpg,red car,black suv,behind,0,eval,spatial,Opposite,-0.3906249403953552,-0.515625,-0.4375,-5.960464477539063e-08,-0.0625,-0.015625,0.484375
c269b0d43c7ef12f.jpg,scoop of ice cream,stack of pancakes,on top of,1,eval,spatial,Positive,5.28125,5.203125059604645,4.890625,3.921875,3.5781249403953552,4.046875,4.65625
40e3252f39eee5d3.jpg,sink,faucet,under,1,eval,spatial,Opposite,0.46875,1.390625,1.390625,0.140625,1.0156249403953552,0.96875,3.09375
81b9fa22daadac52.jpg,man,truck,next to,1,eval,spatial,Positive,2.140625,1.59375,1.609375,4.390625,4.5,4.500000059604645,3.796875
dcaf07749bc94f41.jpg,teapot,stove,sitting on,1,eval,spatial,Positive,3.90625,4.34375,4.328125,0.84375,1.4062499403953552,1.3593749403953552,3.953125
da141ae39195c141.jpg,person,paddleboard,standing on,1,eval,spatial,Opposite,1.59375,-0.15625,1.078125,1.21875,0.15625,0.96875,4.34375
d6db7584e8734c0d.jpg,people,bull,near,1,eval,spatial,Positive,1.578125,1.578125,2.59375,2.296875,2.296875,2.7031249403953552,6.1875
59b371efc0009dad.jpg,car,trees,in front of,1,eval,spatial,Positive,0.140625,-0.25,0.125,0.25,0.125,0.53125,2.234375
cf152d085e5ff80e.jpg,truck,lawn,on,1,calib,spatial,Positive,3.609375,4.25,3.828125,2.046875,1.109375,1.8281250596046448,3.78125
952dd90f8d1024bd.jpg,girl,car,behind,1,eval,spatial,Positive,0.203125,2.515625,2.53125,0.640625,2.3125,2.34375,3.125
f0f3cbd5ccd82bd8.jpg,plate,table,on top of,1,calib,spatial,Opposite,2.078125,2.15625,2.109375,0.734375,1.5625,1.578125,3.359375
9ddd7110b59880c8.jpg,saucer,tea cup,under,1,calib,spatial,Opposite,1.328125,2.5,2.34375,0.5625,1.25,2.78125,3.875
0fbd1b85fc01d2ae.jpg,white van,blue station wagon,next to,0,calib,spatial,Opposite,2.359375,2.359375,2.34375,2.9531250596046448,2.9531250596046448,2.875,4.359375
1b086e36b62a2151.jpg,leopard,rock,sitting on,0,eval,spatial,Positive,0.18750005960464478,0.3437500596046448,1.7031250596046448,-0.203125,0.03125,0.65625,0.7812500596046448
6f804844ccc5126b.jpg,man,segway,standing on,0,eval,spatial,Opposite,0.78125,-0.125,0.46875,0.5156248807907104,0.5156249403953552,0.4062499403953552,3.265625
6abc53cd80bb2f83.jpg,men wearing hats,carts,near,1,calib,spatial,Positive,0.5625,8.515625,8.484375,0.203125,4.140624940395355,4.15625,6.25
82560833eab971a5.jpg,people,food stand,in front of,0,eval,spatial,Opposite,1.375,0.453125,1.375,0.578125,0.0,0.4531250596046448,5.703125
e4fabe3c9e27d528.jpg,black classic car,gravel,on,0,calib,spatial,Opposite,1.2968751192092896,1.2968751192092896,1.0000001192092896,3.0,3.0,2.8593749403953552,1.9843751192092896
255bfaef93b509cf.jpg,truck,plume of smoke,behind,0,eval,spatial,Opposite,-0.859375,2.890625,0.28125,-0.09375,1.1406250596046448,0.4062500596046448,2.890625
a3aade02e5418967.jpg,bowl,red plate,on top of,1,eval,spatial,Positive,0.765625,4.40625,4.40625,0.859375,4.359375,4.28125,4.140625
920cdf2d9f5a8b82.jpg,van,wooden roof,under,1,calib,spatial,Positive,1.1875,0.4375,4.125000059604645,2.140625,0.171875,3.0156249403953552,4.75
f470e767bb1f5070.jpg,man,car,next to,1,eval,spatial,Opposite,2.125,1.703125,1.875,1.2812499403953552,1.875,1.71875,2.5
4f25e56666f79025.jpg,lizard,plant,sitting on,1,eval,spatial,Positive,2.15625,0.625,2.3125,1.2031250596046448,0.5312500596046448,1.3593750596046448,4.71875
7f58d35e931e4bd7.jpg,dog,sidewalk,standing on,1,calib,spatial,Positive,3.1718750596046448,0.453125,2.515625,2.5156250596046448,0.1875,2.34375,3.9375
0af4ba8fd2a7e628.jpg,sink,bathtub,near,1,eval,spatial,Positive,4.140625,4.546875,4.5625,3.234375,3.953125,4.0,5.59375
75a5942a2f0a04eb.jpg,bagel,cake,in front of,1,eval,spatial,Opposite,2.421875,1.6875,2.1875,1.4374999403953552,0.484375,1.4062499403953552,2.203125
94a0efb2383b5178.jpg,red truck,side of the road,on,1,eval,spatial,Positive,1.46875,1.46875,1.703125,0.75,0.75,0.8749999403953552,4.890625
5186be6866db2e1c.jpg,red sports car,another car on the road,behind,1,eval,spatial,Positive,-0.46875,-0.46875,-0.546875,-0.20312511920928955,-0.20312511920928955,-0.34375,2.09375
ee066cfc214185cb.jpg,plate,placemat,on top of,1,calib,spatial,Positive,2.046875,0.5,1.375,1.40625,0.734375,1.8437499403953552,2.5
182268e1f8c6525f.jpg,orange car,tree,under,1,eval,spatial,Positive,-0.015625,-0.015625,0.07812488079071045,-0.125,-0.125,-0.15624994039535522,2.015625
cf5c3c91e3591b4e.jpg,pen,calculator,next to,0,eval,spatial,Opposite,-1.15625,-1.5,-1.640625,0.984375,3.390625,3.421875,-1.0
c6fa0a8fcd9961f1.jpg,woman,tripod,sitting on,0,calib,spatial,Opposite,1.7343750596046448,0.5625,1.7343750596046448,0.4687499403953552,0.109375,0.484375,0.90625
537843c1be04501c.jpg,woman,paddle board,standing on,0,eval,spatial,Opposite,-0.859375,0.375,-1.109375,0.2812499403953552,0.171875,-0.125,2.015625
363c92c6711e4380.jpg,sparrow,flower,near,1,calib,spatial,Positive,1.078125,1.921875,2.015625,2.84375,1.671875,3.1874999403953552,5.34375
59a9abf74e5b31a3.jpg,train,red car,in front of,0,eval,spatial,Opposite,2.1875,1.28125,2.390625,2.296875,1.3437500596046448,2.3281250596046448,2.78125
cee436168b5e16ed.jpg,dark green car,road,on,0,eval,spatial,Opposite,0.703125,0.703125,0.5625,0.34375,0.34375,0.375,4.078125
76dc2394748a20de.jpg,person,dog,behind,0,calib,spatial,Positive,0.796875,3.296875,1.4375000596046448,0.5312499403953552,1.46875,1.1874999403953552,2.359375
c1e61b37a07c748f.jpg,doughnut,paper bag,on top of,1,eval,spatial,Positive,2.765625,2.703125,2.984375,2.234375,3.546875,3.7343750596046448,3.65625
71c022fa0b5b7ec6.jpg,dresser,window,under,1,eval,spatial,Opposite,2.125,2.1875,1.84375,0.53125,0.171875,0.8437499403953552,4.265625
b3c1dc254d821440.jpg,teapot,yellow cup,next to,1,eval,spatial,Positive,2.109375,2.953125,3.9375,2.6875000596046448,1.234375,4.59375,4.5625
2cff2da279756f7a.jpg,blue dragonfly,green leaf,sitting on,1,eval,spatial,Positive,3.078125,3.078125,2.828125,2.0,2.0,1.9374999403953552,3.59375
bfb906dcdef46ad3.jpg,wok,wooden table,standing on,1,calib,spatial,Opposite,2.2499999403953552,3.625,3.4375,0.7343749403953552,1.546875,1.53125,3.203125
eec6d050a12fec7d.jpg,tower,skyscraper,near,1,calib,spatial,Positive,0.140625,0.15625,0.390625,0.90625,1.171875,1.5625,2.703125
68624a5135fb2f39.jpg,man,podium,in front of,1,calib,spatial,Positive,0.484375,-0.4375,0.921875,0.0625,-0.421875,0.703125,4.53125
16349005622c6450.jpg,motorcycle,road,on,1,eval,spatial,Positive,1.0,0.53125,0.578125,0.14062505960464478,0.796875,0.8124999403953552,3.1875
299f0363ae21d1c3.jpg,blue sports car,commercial van,behind,1,eval,spatial,Positive,2.0312498807907104,-0.140625,2.0781251192092896,1.0625,0.0,1.0625,4.015625
89cd3ed1aa28cc13.jpg,mummy doll,picnic basket,on top of,1,calib,spatial,Positive,3.578125,2.453125,3.578125,3.25,1.6875,2.984375,4.890625
35299cbbddd32ec4.jpg,man wearing a brown hat,old man with glasses,next to,0,eval,spatial,Opposite,6.375,6.375,6.453125,4.625,4.625,4.765625,4.921875
7dd088a7971162ec.jpg,man,missile,sitting on,0,eval,spatial,Opposite,0.171875,0.796875,1.015625,0.6250000596046448,0.28125,0.3125,2.109375
12bf58041aa68451.jpg,frog,leaf,standing on,0,eval,spatial,Opposite,-0.4531250596046448,0.7499999403953552,0.4999999403953552,0.96875,1.8437499403953552,1.8437499403953552,0.5937499403953552
41c7ee95543af458.jpg,people,coca-cola tents,near,1,eval,spatial,Positive,0.546875,0.546875,0.609375,0.515625,0.6875,0.6875,10.4375
4037daacf65afd17.jpg,man,large structure,in front of,0,eval,spatial,Positive,-0.96875,0.765625,0.71875,0.5312501192092896,0.640625,0.6562498807907104,1.90625
5894684a6f19c9a5.jpg,red car,side of the street,on,0,eval,spatial,Opposite,3.453125,3.453125,3.5156250596046448,1.265625,1.265625,1.296875,4.5
64c9f3614d5e8168.jpg,scooter,skateboard,behind,0,eval,spatial,Opposite,0.765625,0.765625,0.9218749403953552,0.0625,0.0625,0.15625,1.65625
37aa4955abe6f603.jpg,egg,bread,on top of,1,calib,spatial,Positive,0.359375,0.375,0.375,1.0,1.03125,1.015625,3.0625
42912153cba51c7e.jpg,pretzel,black mouse,next to,1,eval,spatial,Positive,1.828125,-0.015625,2.03125,2.8125,0.0,2.84375,2.359375
0fd87d6c06de6882.jpg,monkey,stone,sitting on,1,eval,spatial,Positive,2.109375,2.109375,2.25,2.390625,2.390625,2.46875,4.109375
19682f51b9c5e5d5.jpg,goat,rocky hillside,standing on,1,calib,spatial,Positive,2.140625,7.140625,7.203125,1.796875,2.625,2.625,4.4375
d9ee0aa080c3f5a1.jpg,round wooden table,chairs,near,1,eval,spatial,Opposite,1.453125,0.46875,1.375,2.65625,0.359375,3.2031250596046448,4.046875
464b7d197826674d.jpg,bench,water,in front of,1,eval,spatial,Positive,1.5625,1.5625,1.515625,1.9218750596046448,1.9218750596046448,2.0156249403953552,3.4375
07d49ad2075e876b.jpg,gray car,side of the street,on,1,calib,spatial,Positive,-0.0625,-0.0625,-0.0625,0.390625,0.390625,0.359375,3.140625
84930606ad9bc457.jpg,woman,counter,behind,1,eval,spatial,Opposite,-1.1562501192092896,0.5781248807907104,-0.9062501192092896,0.109375,0.484375,0.40625,1.9062498807907104
150612cbff32ca98.jpg,hamster,couch,on top of,1,eval,spatial,Positive,-0.4375,-0.4375,-0.421875,0.96875,0.96875,0.890625,1.015625
2117bc938d9d9ea4.jpg,woman,person wearing headphones,next to,0,eval,spatial,Opposite,5.171875059604645,5.0625,4.625,4.6875,3.375,4.859375,5.78125
7db24634d94dfff1.jpg,man,car,sitting on,0,eval,spatial,Opposite,0.15625,3.75,3.359375,0.6406250596046448,0.5,0.875,1.75
ca3ef34d7304dd6c.jpg,woman,steps,standing on,0,eval,spatial,Opposite,0.90625,5.484375,4.96875,2.1875000596046448,2.4843749403953552,2.328125,4.359375
ce10b909451393b7.jpg,chest of drawers,trash can,near,1,eval,spatial,Positive,6.96875,6.21875,6.53125,3.984375,3.015625,3.8125,3.75
b18f7b35bdb3c8d9.jpg,man,blue backdrop,in front of,0,eval,spatial,Opposite,0.46875,3.0000000596046448,3.015625,2.125,3.609375,4.078124940395355,3.453125
1d5e24ad2e68770d.jpg,car,road,on,1,eval,spatial,Positive,-0.25,-0.25,-0.265625,0.46875,0.46875,0.390625,2.65625
299f0363ae21d1c3.jpg,blue lotus,vehicle advertising jennie's flowers,behind,0,eval,spatial,Opposite,1.1093751192092896,-0.4375,1.1093748807907104,0.53125,0.078125,0.484375,2.78125
1c63f023a27a8a05.jpg,lighthouse,mountain,on top of,1,eval,spatial,Opposite,-0.515625,1.59375,1.0468750596046448,0.34375011920928955,0.15625005960464478,1.1875000596046448,1.828125
59a9abf74e5b31a3.jpg,red car,train,next to,1,eval,spatial,Positive,4.09375,4.40625,4.421875,3.218749701976776,4.156249761581421,4.187499761581421,5.203125
d41fcf855e01eb44.jpg,cocktail glass,table,sitting on,1,eval,spatial,Positive,0.90625,1.109375,2.890625,0.296875,0.5156249403953552,1.203125,4.859375
6eb70509fcd7d06b.jpg,rooster,wooden ledge,standing on,1,eval,spatial,Opposite,4.171875,3.9531249403953552,4.546875,2.4687499403953552,1.9375,2.796875,4.78125
eada86bb7ee98792.jpg,sink,window,near,1,calib,spatial,Positive,1.40625,1.671875,1.609375,1.4843748807907104,1.9375,1.796875,4.625
3994011ca62ac82b.jpg,black puppy,larger puppy,in front of,1,eval,spatial,Positive,3.453125,2.796875,3.703125,2.3125,1.34375,1.84375,1.9375
321da37c33ba3ce7.jpg,taxi,road,on,1,eval,spatial,Positive,1.0,0.46875,1.5625,0.703125,0.2500000596046448,0.78125,4.390625
8617694c95033edf.jpg,man,mule,behind,1,eval,spatial,Positive,0.0625,0.796875,0.59375,0.07812494039535522,0.78125,0.703125,1.84375
1cadca0d3ff6e185.jpg,vase,small table,on top of,1,calib,spatial,Positive,0.96875,2.359375,3.703125,1.0,1.5156251192092896,2.9843749403953552,5.09375
07d49ad2075e876b.jpg,silver car,dark colored sporty car,next to,0,calib,spatial,Opposite,0.09375,1.53125,1.5625,0.1875,1.453125,1.53125,4.75
5f6f275c9dc49783.jpg,couple,motorcycle,sitting on,0,eval,spatial,Opposite,-0.921875,-0.921875,-0.921875,-0.26562488079071045,-0.26562488079071045,-0.359375,-0.234375
1ae697dce5fa2a7d.jpg,woman,red carpet,standing on,1,calib,spatial,Opposite,1.390625,2.03125,4.53125,1.515625,2.234375,3.828125,5.796875
b655ede651e45487.jpg,sink,bottles,near,1,eval,spatial,Positive,0.125,0.109375,0.328125,1.96875,0.265625,2.359375,4.78125
28f45b12ee25ae19.jpg,girl,bookshelf,in front of,1,eval,spatial,Positive,3.546875,3.125,3.28125,1.78125,0.46875,1.484375,4.171875
e742e284c7c9da96.jpg,car,side of the road,on,1,eval,spatial,Positive,-0.40625,-0.40625,-0.375,0.1875,0.1875,0.1875,4.109375
cc2a3e52994f7b80.jpg,lynx,tree,behind,0,eval,spatial,Opposite,0.125,-0.453125,0.578125,0.078125,0.109375,0.046875,1.65625
34b8358262d2a434.jpg,blue starfish,rock,on top of,1,eval,spatial,Positive,-0.484375,-0.546875,-0.359375,0.640625,0.26562488079071045,0.71875,1.578125
75b0b8cd08840f4e.jpg,man,tripod,next to,1,calib,spatial,Positive,2.0625,3.53125,3.171875,5.9375,3.359375,6.28125,5.328125
16ef4027ab1b5d31.jpg,bee,flower,sitting on,1,eval,spatial,Opposite,1.2499998807907104,0.546875,0.8125,1.421875,0.8906249403953552,1.6875,3.046875
8fe72eeea90087b1.jpg,scorpion,yellow cloth mat,standing on,1,calib,spatial,Positive,1.53125,4.65625,4.65625,0.7968749403953552,1.0625,1.2968749403953552,4.515625
0e7294d6ce0c1ee3.jpg,dog,people,near,1,eval,spatial,Positive,1.921875,1.90625,2.421875,3.359375,2.453125,4.265625,6.453125
3e49a1c1b227ea28.jpg,man,chalkboard,in front of,1,eval,spatial,Opposite,1.265625,-0.859375,0.953125,-0.640625,-1.6250001192092896,-0.9375,1.34375
a94c4223d45aaf34.jpg,antique car,grass,on,1,eval,spatial,Positive,2.859375,1.9375,2.5625,3.203125,2.6718750596046448,2.953125,5.265625
7fa8b4a5f88946e4.jpg,giraffe,zebras,behind,1,eval,spatial,Positive,2.28125,3.8125,3.125,1.390625,1.984375,1.703125,2.234375
